Time,Header.seq,Header.stamp.secs,Header.stamp.nsecs,Header.frame_id,Latitude,Longitude,HDOP,Altitude,UTM_easting,UTM_northing,Fixed_quality,UTC,Zone,Letter
1677110479.151495,0,79,79000,GPS1_Frame,42.33951712500001,-71.08694511,0.73,51.487,328082.36978187977,4689582.811141559,5,00 Hours 01 Minutes 19.00 Seconds,19,T
1677110480.1354573,0,80,80000,GPS1_Frame,42.33952011833333,-71.08694754666666,0.79,51.944,328082.177204531,4689583.148455207,5,00 Hours 01 Minutes 20.00 Seconds,19,T
1677110481.1615639,0,81,81000,GPS1_Frame,42.33952432833333,-71.08695096833334,0.79,52.429,328081.9067976922,4689583.622862038,5,00 Hours 01 Minutes 21.00 Seconds,19,T
1677110482.119305,0,82,82000,GPS1_Frame,42.33952961166666,-71.08695438166666,0.73,52.577,328081.640002628,4689584.216437546,5,00 Hours 01 Minutes 22.00 Seconds,19,T
1677110483.119426,0,83,83000,GPS1_Frame,42.339534930000006,-71.08695832666668,0.7,52.757,328081.32950373134,4689584.814974539,5,00 Hours 01 Minutes 23.00 Seconds,19,T
1677110484.1250134,0,84,84000,GPS1_Frame,42.33953890833333,-71.08696173,0.7,52.852,328081.0599759637,4689585.263619515,5,00 Hours 01 Minutes 24.00 Seconds,19,T
1677110485.1280987,0,85,85000,GPS1_Frame,42.33954297666667,-71.08696643666667,0.67,52.83,328080.6833235435,4689585.724893566,5,00 Hours 01 Minutes 25.00 Seconds,19,T
1677110486.14252,0,86,86000,GPS1_Frame,42.33954800833333,-71.08697129000001,0.73,52.825,328080.29721407907,4689586.293435038,5,00 Hours 01 Minutes 26.00 Seconds,19,T
1677110487.1241727,0,87,87000,GPS1_Frame,42.339553881666674,-71.08697566666666,0.78,52.937,328079.95266684936,4689586.954473435,5,00 Hours 01 Minutes 27.00 Seconds,19,T
1677110488.130912,0,88,88000,GPS1_Frame,42.339560660000004,-71.08698040166668,0.73,52.976,328079.5810663011,4689587.716729758,5,00 Hours 01 Minutes 28.00 Seconds,19,T
1677110489.1513293,0,89,89000,GPS1_Frame,42.339567135,-71.08698534333332,0.73,52.995,328079.19161372737,4689588.445721111,5,00 Hours 01 Minutes 29.00 Seconds,19,T
1677110490.1551392,0,90,90000,GPS1_Frame,42.339573518333324,-71.08699025666667,0.75,53.03,328078.8042455355,4689589.164476309,5,00 Hours 01 Minutes 30.00 Seconds,19,T
1677110491.1175704,0,91,91000,GPS1_Frame,42.33958017166666,-71.08699487333334,0.69,53.024,328078.4420529895,4689589.912613137,5,00 Hours 01 Minutes 31.00 Seconds,19,T
1677110492.1067219,0,92,92000,GPS1_Frame,42.33958633666666,-71.08700027666667,0.69,53.135,328078.0137232258,4689590.60811489,5,00 Hours 01 Minutes 32.00 Seconds,19,T
1677110493.1181698,0,93,93000,GPS1_Frame,42.33959219,-71.08700504666668,0.73,53.226,328077.6367187486,4689591.267727873,5,00 Hours 01 Minutes 33.00 Seconds,19,T
1677110494.1155124,0,94,94000,GPS1_Frame,42.33959890999999,-71.08701021666667,0.73,53.292,328077.2291240059,4689592.024386423,5,00 Hours 01 Minutes 34.00 Seconds,19,T
1677110495.1121714,0,95,95000,GPS1_Frame,42.339605765,-71.08701611333332,0.71,53.254,328076.762033786,4689592.797505027,5,00 Hours 01 Minutes 35.00 Seconds,19,T
1677110496.1033332,0,96,96000,GPS1_Frame,42.33961329,-71.08702115833333,0.75,53.244,328076.3669308473,4689593.643300022,5,00 Hours 01 Minutes 36.00 Seconds,19,T
1677110497.1122665,0,97,97000,GPS1_Frame,42.33962023000001,-71.08702635833333,0.92,53.205,328075.9574645664,4689594.424448646,5,00 Hours 01 Minutes 37.00 Seconds,19,T
1677110498.1035802,0,98,98000,GPS1_Frame,42.33962801833333,-71.08703132333333,0.78,53.048,328075.5696700127,4689595.299323101,5,00 Hours 01 Minutes 38.00 Seconds,19,T
1677110499.1013322,0,99,99000,GPS1_Frame,42.33963563333334,-71.08703729666667,0.75,52.912,328075.0983357092,4689596.15698908,5,00 Hours 01 Minutes 39.00 Seconds,19,T
1677110500.1069593,0,100,10000,GPS1_Frame,42.339642983333334,-71.08704365333332,0.76,52.951,328074.59469991835,4689596.986003958,5,00 Hours 01 Minutes 40.00 Seconds,19,T
1677110501.1038299,0,101,10100,GPS1_Frame,42.33965042166666,-71.087048445,0.78,53.033,328074.2202311305,4689597.8216631785,5,00 Hours 01 Minutes 41.00 Seconds,19,T
1677110502.1027818,0,102,10200,GPS1_Frame,42.33965783833334,-71.08705270166666,0.8,53.025,328073.8897771719,4689598.653834728,5,00 Hours 01 Minutes 42.00 Seconds,19,T
1677110503.0999918,0,103,10300,GPS1_Frame,42.33966472833334,-71.08705813666667,0.72,53.029,328073.46081571083,4689599.429906571,5,00 Hours 01 Minutes 43.00 Seconds,19,T
1677110504.1015997,0,104,10400,GPS1_Frame,42.339672453333336,-71.08706251666668,0.77,53.004,328073.1210419887,4689600.29656562,5,00 Hours 01 Minutes 44.00 Seconds,19,T
1677110505.1001716,0,105,10500,GPS1_Frame,42.33968012833334,-71.08706640833334,0.82,52.824,328072.8213614067,4689601.156685148,5,00 Hours 01 Minutes 45.00 Seconds,19,T
1677110506.0974941,0,106,10600,GPS1_Frame,42.33968817,-71.08707235666667,0.84,52.751,328072.3532502904,4689602.061678884,5,00 Hours 01 Minutes 46.00 Seconds,19,T
1677110507.117874,0,107,10700,GPS1_Frame,42.339697965000006,-71.087077455,0.78,52.747,328071.9599417987,4689603.15964828,5,00 Hours 01 Minutes 47.00 Seconds,19,T
1677110508.1071703,0,108,10800,GPS1_Frame,42.339715085,-71.08707125999999,0.93,51.131,328072.5169521939,4689605.0481678145,5,00 Hours 01 Minutes 48.00 Seconds,19,T
1677110509.1383822,0,109,10900,GPS1_Frame,42.33973060833333,-71.08705601833334,1.0,48.857,328073.81488228095,4689606.741097127,5,00 Hours 01 Minutes 49.00 Seconds,19,T
1677110510.1007092,0,110,11000,GPS1_Frame,42.33974271833334,-71.08705281833333,1.0,47.393,328074.11150672846,4689608.079350253,5,00 Hours 01 Minutes 50.00 Seconds,19,T
1677110511.100129,0,111,11100,GPS1_Frame,42.33974642,-71.08703777333334,1.18,45.196,328075.3610145806,4689608.459971153,5,00 Hours 01 Minutes 51.00 Seconds,19,T
1677110512.101878,0,112,11200,GPS1_Frame,42.339755281666676,-71.087029565,1.1,43.317,328076.06137579074,4689609.427394761,5,00 Hours 01 Minutes 52.00 Seconds,19,T
1677110513.1415741,0,113,11300,GPS1_Frame,42.33975856833334,-71.08701688166666,1.07,40.856,328077.11519629974,4689609.766708637,5,00 Hours 01 Minutes 53.00 Seconds,19,T
1677110514.1058183,0,114,11400,GPS1_Frame,42.33976653,-71.08701123833333,1.08,39.11,328077.60179758567,4689610.639380598,5,00 Hours 01 Minutes 54.00 Seconds,19,T
1677110515.101953,0,115,11500,GPS1_Frame,42.33977366833333,-71.087009775,1.11,37.606,328077.7418032718,4689611.42907951,5,00 Hours 01 Minutes 55.00 Seconds,19,T
1677110516.1045895,0,116,11600,GPS1_Frame,42.339779723333336,-71.08701052333332,1.04,36.561,328077.69665761845,4689612.10295441,5,00 Hours 01 Minutes 56.00 Seconds,19,T
1677110517.0981832,0,117,11700,GPS1_Frame,42.339785713333335,-71.08701473666666,1.01,35.67,328077.365885573,4689612.7766176965,5,00 Hours 01 Minutes 57.00 Seconds,19,T
1677110518.1125376,0,118,11800,GPS1_Frame,42.339791885000004,-71.08702562666667,0.95,35.44,328076.4855800654,4689613.48395382,5,00 Hours 01 Minutes 58.00 Seconds,19,T
1677110519.1110077,0,119,11900,GPS1_Frame,42.33980086166666,-71.08703870333333,0.8,36.033,328075.43278055976,4689614.507185456,5,00 Hours 01 Minutes 59.00 Seconds,19,T
1677110520.1106527,0,120,12000,GPS1_Frame,42.33980860333333,-71.08705121833333,0.76,36.291,328074.4228858579,4689615.39214419,5,00 Hours 02 Minutes 00.00 Seconds,19,T
1677110521.107129,0,121,12100,GPS1_Frame,42.339815296666664,-71.087063125,0.83,36.97,328073.4602490802,4689616.159463552,5,00 Hours 02 Minutes 01.00 Seconds,19,T
1677110522.1116576,0,122,12200,GPS1_Frame,42.33982210166667,-71.087076305,0.95,37.397,328072.3930187898,4689616.941757517,5,00 Hours 02 Minutes 02.00 Seconds,19,T
1677110523.10462,0,123,12300,GPS1_Frame,42.33982951166666,-71.08708875333333,0.84,37.812,328071.3877128911,4689617.789752842,5,00 Hours 02 Minutes 03.00 Seconds,19,T
1677110524.101592,0,124,12400,GPS1_Frame,42.33983786666666,-71.08710359666667,0.94,38.714,328070.1876812059,4689618.747526241,5,00 Hours 02 Minutes 04.00 Seconds,19,T
1677110525.115823,0,125,12500,GPS1_Frame,42.339847535000004,-71.08712024,0.81,40.196,328068.84294428123,4689619.854775295,5,00 Hours 02 Minutes 05.00 Seconds,19,T
1677110526.111703,0,126,12600,GPS1_Frame,42.33985652,-71.08713326333333,0.83,41.173,328067.7945632042,4689620.878825659,5,00 Hours 02 Minutes 06.00 Seconds,19,T
1677110527.1073356,0,127,12700,GPS1_Frame,42.33986596,-71.08714703666666,0.76,42.126,328066.6856371276,4689621.954917069,5,00 Hours 02 Minutes 07.00 Seconds,19,T
1677110528.103381,0,128,12800,GPS1_Frame,42.33987535166666,-71.08715907333334,0.76,42.899,328065.71964732814,4689623.02212987,5,00 Hours 02 Minutes 08.00 Seconds,19,T
1677110529.104662,0,129,12900,GPS1_Frame,42.339884115,-71.08717110333333,0.84,43.572,328064.75249440735,4689624.019557684,5,00 Hours 02 Minutes 09.00 Seconds,19,T
1677110530.1033678,0,130,13000,GPS1_Frame,42.33989202333334,-71.08718192333335,0.84,44.327,328063.8826918268,4689624.919597591,5,00 Hours 02 Minutes 10.00 Seconds,19,T
1677110531.1087499,0,131,13100,GPS1_Frame,42.33990137666667,-71.08719244833333,0.74,45.246,328063.0411303768,4689625.979497363,5,00 Hours 02 Minutes 11.00 Seconds,19,T
1677110532.10163,0,132,13200,GPS1_Frame,42.33991047333334,-71.08720236333333,0.76,46.056,328062.24912173976,4689627.009662843,5,00 Hours 02 Minutes 12.00 Seconds,19,T
1677110533.0957084,0,133,13300,GPS1_Frame,42.33991835666667,-71.08720984333333,0.77,46.591,328061.65440280316,4689627.9001729805,5,00 Hours 02 Minutes 13.00 Seconds,19,T
1677110534.0992746,0,134,13400,GPS1_Frame,42.33992591333334,-71.08721655833332,0.74,47.016,328061.12181474303,4689628.752862356,5,00 Hours 02 Minutes 14.00 Seconds,19,T
1677110535.0958145,0,135,13500,GPS1_Frame,42.339934893333336,-71.08722382166667,0.74,47.484,328060.54793445114,4689629.764710974,5,00 Hours 02 Minutes 15.00 Seconds,19,T
1677110536.0945675,0,136,13600,GPS1_Frame,42.339943211666665,-71.087231355,0.69,47.784,328059.95000805706,4689630.703632571,5,00 Hours 02 Minutes 16.00 Seconds,19,T
1677110537.1046374,0,137,13700,GPS1_Frame,42.33995164166666,-71.087237805,0.67,47.986,328059.4416317697,4689631.652763251,5,00 Hours 02 Minutes 17.00 Seconds,19,T
1677110538.107195,0,138,13800,GPS1_Frame,42.339960424999994,-71.087243415,0.67,48.127,328059.0034183583,4689632.639430312,5,00 Hours 02 Minutes 18.00 Seconds,19,T
1677110539.0995317,0,139,13900,GPS1_Frame,42.33996552166666,-71.08725192333333,0.7,48.213,328058.316389909,4689633.222582067,5,00 Hours 02 Minutes 19.00 Seconds,19,T
1677110540.1027904,0,140,14000,GPS1_Frame,42.33996719,-71.08726166666666,0.72,48.31,328057.5182767473,4689633.427540923,5,00 Hours 02 Minutes 20.00 Seconds,19,T
1677110541.0995681,0,141,14100,GPS1_Frame,42.33996636333333,-71.087271245,0.67,48.304,328056.7269555314,4689633.355115378,5,00 Hours 02 Minutes 21.00 Seconds,19,T
1677110542.0923867,0,142,14200,GPS1_Frame,42.339963420000004,-71.0872832,0.7,48.514,328055.73407365475,4689633.05245633,5,00 Hours 02 Minutes 22.00 Seconds,19,T
1677110543.097686,0,143,14300,GPS1_Frame,42.33995907333333,-71.0872956,0.68,48.657,328054.7007071059,4689632.594867798,5,00 Hours 02 Minutes 23.00 Seconds,19,T
1677110544.0977643,0,144,14400,GPS1_Frame,42.33995528666666,-71.08730822166667,0.68,48.887,328053.65060587955,4689632.199911435,5,00 Hours 02 Minutes 24.00 Seconds,19,T
1677110545.0965283,0,145,14500,GPS1_Frame,42.33995085333333,-71.08732034166665,0.76,49.09,328052.6400693658,4689631.732133293,5,00 Hours 02 Minutes 25.00 Seconds,19,T
1677110546.0961976,0,146,14600,GPS1_Frame,42.33994461333334,-71.08733177166667,0.7,49.254,328051.68145051366,4689631.062343286,5,00 Hours 02 Minutes 26.00 Seconds,19,T
1677110547.0949073,0,147,14700,GPS1_Frame,42.339937598333336,-71.08734002333334,0.69,49.355,328050.9825517198,4689630.300068007,5,00 Hours 02 Minutes 27.00 Seconds,19,T
1677110548.0985808,0,148,14800,GPS1_Frame,42.33993162333333,-71.08734886666666,0.75,49.464,328050.23774589365,4689629.654473432,5,00 Hours 02 Minutes 28.00 Seconds,19,T
1677110549.0953496,0,149,14900,GPS1_Frame,42.339926326666664,-71.08735753666666,0.78,49.739,328049.5090683026,4689629.083852172,5,00 Hours 02 Minutes 29.00 Seconds,19,T
1677110550.096676,0,150,15000,GPS1_Frame,42.33992151333334,-71.08736201666667,0.79,49.979,328049.1268826671,4689628.558427978,5,00 Hours 02 Minutes 30.00 Seconds,19,T
1677110551.0893378,0,151,15100,GPS1_Frame,42.339918125000004,-71.08736035833334,0.72,50.194,328049.2542607839,4689628.178825595,5,00 Hours 02 Minutes 31.00 Seconds,19,T
1677110552.088559,0,152,15200,GPS1_Frame,42.33990943666666,-71.08735784333334,0.72,50.397,328049.43776426575,4689627.208965973,5,00 Hours 02 Minutes 32.00 Seconds,19,T
1677110553.0926096,0,153,15300,GPS1_Frame,42.339901493333336,-71.08735251333333,0.77,50.539,328049.8551999616,4689626.3161401665,2,00 Hours 02 Minutes 33.00 Seconds,19,T
1677110554.0983965,0,154,15400,GPS1_Frame,42.33989350333333,-71.08734701333333,0.8,50.769,328050.2865132609,4689625.417788616,5,00 Hours 02 Minutes 34.00 Seconds,19,T
1677110555.0943754,0,155,15500,GPS1_Frame,42.339885105,-71.08734146666667,0.75,51.071,328050.72055803565,4689624.474000406,5,00 Hours 02 Minutes 35.00 Seconds,19,T
1677110556.0928593,0,156,15600,GPS1_Frame,42.33987728333333,-71.08733459166666,0.75,51.184,328051.2656037824,4689623.591560412,2,00 Hours 02 Minutes 36.00 Seconds,19,T
1677110557.096688,0,157,15700,GPS1_Frame,42.33986963,-71.08732894500001,0.76,51.311,328051.7099176557,4689622.730296642,2,00 Hours 02 Minutes 37.00 Seconds,19,T
1677110558.0913296,0,158,15800,GPS1_Frame,42.339862681666666,-71.08732506333334,0.78,51.407,328052.0107515567,4689621.950887125,2,00 Hours 02 Minutes 38.00 Seconds,19,T
1677110559.0927215,0,159,15900,GPS1_Frame,42.33985695166666,-71.08732254333333,0.73,51.444,328052.2027315632,4689621.309517961,2,00 Hours 02 Minutes 39.00 Seconds,19,T
1677110560.0835407,0,160,16000,GPS1_Frame,42.33985037833333,-71.08731958666667,0.86,51.343,328052.42838568403,4689620.573619978,2,00 Hours 02 Minutes 40.00 Seconds,19,T
1677110561.094656,0,161,16100,GPS1_Frame,42.33983875166667,-71.08731585666666,0.89,51.191,328052.70397292194,4689619.27502379,5,00 Hours 02 Minutes 41.00 Seconds,19,T
1677110562.095617,0,162,16200,GPS1_Frame,42.33982958833334,-71.08731187333333,0.82,51.135,328053.00714472425,4689618.249449787,5,00 Hours 02 Minutes 42.00 Seconds,19,T
1677110563.095596,0,163,16300,GPS1_Frame,42.339821823333324,-71.08730794,0.81,51.177,328053.3100092303,4689617.379251218,5,00 Hours 02 Minutes 43.00 Seconds,19,T
1677110564.0905478,0,164,16400,GPS1_Frame,42.33981578666667,-71.08730505666668,0.89,51.111,328053.5310852394,4689616.703094343,5,00 Hours 02 Minutes 44.00 Seconds,19,T
1677110565.0894704,0,165,16500,GPS1_Frame,42.33981067333334,-71.08730266166667,0.89,51.184,328053.71444890776,4689616.1304541705,5,00 Hours 02 Minutes 45.00 Seconds,19,T
1677110566.0877812,0,166,16600,GPS1_Frame,42.33980227166667,-71.087300425,0.92,51.26,328053.8758055517,4689615.192989728,5,00 Hours 02 Minutes 46.00 Seconds,19,T
1677110567.0903974,0,167,16700,GPS1_Frame,42.339795235000004,-71.08729595833333,0.92,51.263,328054.2245920209,4689614.402588568,5,00 Hours 02 Minutes 47.00 Seconds,19,T
1677110568.0835004,0,168,16800,GPS1_Frame,42.339786864999994,-71.08729145000001,0.89,51.195,328054.5731766776,4689613.464046616,5,00 Hours 02 Minutes 48.00 Seconds,19,T
1677110569.087368,0,169,16900,GPS1_Frame,42.33977710833333,-71.087287295,0.92,51.12,328054.8888737799,4689612.372240404,5,00 Hours 02 Minutes 49.00 Seconds,19,T
1677110570.0980384,0,170,17000,GPS1_Frame,42.339768490000004,-71.08728201166667,0.92,51.252,328055.30062682665,4689611.404555731,5,00 Hours 02 Minutes 50.00 Seconds,19,T
1677110571.0963407,0,171,17100,GPS1_Frame,42.33976121833333,-71.08727699333333,0.89,51.192,328055.6942198386,4689610.58694409,5,00 Hours 02 Minutes 51.00 Seconds,19,T
1677110572.0982192,0,172,17200,GPS1_Frame,42.33975408166666,-71.08727234666667,0.89,51.09,328056.0575627369,4689609.785074795,5,00 Hours 02 Minutes 52.00 Seconds,19,T
1677110573.094736,0,173,17300,GPS1_Frame,42.33974829833334,-71.08726735166667,0.85,50.978,328056.4532905951,4689609.132778512,5,00 Hours 02 Minutes 53.00 Seconds,19,T
1677110574.0970674,0,174,17400,GPS1_Frame,42.33974130833334,-71.08726284666666,0.8,50.94,328056.80536283716,4689608.347481965,5,00 Hours 02 Minutes 54.00 Seconds,19,T
1677110575.0974047,0,175,17500,GPS1_Frame,42.33973125166667,-71.08725895833332,0.85,51.217,328057.0982746277,4689607.222902411,5,00 Hours 02 Minutes 55.00 Seconds,19,T
1677110576.1031885,0,176,17600,GPS1_Frame,42.33972386000001,-71.08725324166667,0.76,51.175,328057.5490702928,4689606.390553626,5,00 Hours 02 Minutes 56.00 Seconds,19,T
1677110577.1066706,0,177,17700,GPS1_Frame,42.339717781666664,-71.087248415,0.9,51.123,328057.93012696214,4689605.7058403315,5,00 Hours 02 Minutes 57.00 Seconds,19,T
1677110578.1109543,0,178,17800,GPS1_Frame,42.33971090833334,-71.08724527,0.69,51.326,328058.17047963815,4689604.936249011,5,00 Hours 02 Minutes 58.00 Seconds,19,T
1677110579.1131887,0,179,17900,GPS1_Frame,42.33970539666667,-71.087241835,0.91,51.254,328058.4384343783,4689604.317274012,5,00 Hours 02 Minutes 59.00 Seconds,19,T
1677110580.0958936,0,180,18000,GPS1_Frame,42.33970092166666,-71.08723758666666,0.83,51.247,328058.7762179495,4689603.811768271,5,00 Hours 03 Minutes 00.00 Seconds,19,T
1677110581.10092,0,181,18100,GPS1_Frame,42.33969535166666,-71.08723366,0.77,51.161,328059.08451771055,4689603.185321582,2,00 Hours 03 Minutes 01.00 Seconds,19,T
1677110582.1216874,0,182,18200,GPS1_Frame,42.33968773833333,-71.08722800666666,0.73,51.364,328059.5294922425,4689602.328486615,2,00 Hours 03 Minutes 02.00 Seconds,19,T
1677110583.1393468,0,183,18300,GPS1_Frame,42.33968168333334,-71.08722318833334,0.77,51.167,328059.9099264464,4689601.646381288,5,00 Hours 03 Minutes 03.00 Seconds,19,T
1677110584.1157365,0,184,18400,GPS1_Frame,42.33967547,-71.08721947333333,0.77,50.972,328060.1990355854,4689600.9489254,5,00 Hours 03 Minutes 04.00 Seconds,19,T
1677110585.1092732,0,185,18500,GPS1_Frame,42.33966879333334,-71.08721694666666,0.8,50.713,328060.3889859169,4689600.20242289,5,00 Hours 03 Minutes 05.00 Seconds,19,T
1677110586.0966432,0,186,18600,GPS1_Frame,42.33966027166666,-71.08721346,0.82,50.705,328060.652993019,4689599.2491058605,5,00 Hours 03 Minutes 06.00 Seconds,19,T
1677110587.1339493,0,187,18700,GPS1_Frame,42.33965302833334,-71.087208385,0.96,50.752,328061.0513329081,4689598.434526187,5,00 Hours 03 Minutes 07.00 Seconds,19,T
1677110588.1459718,0,188,18800,GPS1_Frame,42.339645258333334,-71.087205045,0.84,50.47,328061.3053064677,4689597.564972653,5,00 Hours 03 Minutes 08.00 Seconds,19,T
1677110589.1502864,0,189,18900,GPS1_Frame,42.33963672666667,-71.08720215,0.87,49.993,328061.520544513,4689596.611741686,5,00 Hours 03 Minutes 09.00 Seconds,19,T
1677110590.1421723,0,190,19000,GPS1_Frame,42.3396298,-71.08719423166667,0.78,49.937,328062.15398428077,4689595.826575852,5,00 Hours 03 Minutes 10.00 Seconds,19,T
1677110591.1492448,0,191,19100,GPS1_Frame,42.33962392333333,-71.08718555499999,1.24,49.855,328062.85275837465,4689595.156471149,5,00 Hours 03 Minutes 11.00 Seconds,19,T
1677110592.1163921,0,192,19200,GPS1_Frame,42.33961879833334,-71.08717723333332,0.73,49.757,328063.5243361503,4689594.5705512585,5,00 Hours 03 Minutes 12.00 Seconds,19,T
1677110593.1076248,0,193,19300,GPS1_Frame,42.33961416166667,-71.08716754000001,0.8,49.591,328064.31024427805,4689594.036083461,5,00 Hours 03 Minutes 13.00 Seconds,19,T
1677110594.0943985,0,194,19400,GPS1_Frame,42.339607081666664,-71.08716010833334,0.82,49.746,328064.90317459835,4689593.234875491,5,00 Hours 03 Minutes 14.00 Seconds,19,T
1677110595.1051733,0,195,19500,GPS1_Frame,42.339599516666674,-71.08715291499999,0.72,50.007,328065.47514899727,4689592.380293946,5,00 Hours 03 Minutes 15.00 Seconds,19,T
1677110596.0935946,0,196,19600,GPS1_Frame,42.33959218166667,-71.08714677833333,0.85,50.063,328065.9607011854,4689591.553388894,5,00 Hours 03 Minutes 16.00 Seconds,19,T
1677110597.095709,0,197,19700,GPS1_Frame,42.33958405666667,-71.08714143,0.84,50.228,328066.37915657554,4689590.640354466,5,00 Hours 03 Minutes 17.00 Seconds,19,T
1677110598.101126,0,198,19800,GPS1_Frame,42.33957456666667,-71.08713841666666,0.68,50.587,328066.6015319666,4689589.580468772,5,00 Hours 03 Minutes 18.00 Seconds,19,T
1677110599.0927217,0,199,19900,GPS1_Frame,42.33956357,-71.08713376166666,0.71,51.257,328066.95504304575,4689588.349959598,5,00 Hours 03 Minutes 19.00 Seconds,19,T
1677110600.1146004,0,200,20000,GPS1_Frame,42.33955327333333,-71.08713023333333,0.7,51.526,328067.21764621197,4689587.199458346,5,00 Hours 03 Minutes 20.00 Seconds,19,T
1677110601.1363983,0,201,20100,GPS1_Frame,42.33954375166666,-71.08712628166667,0.7,51.843,328067.51723645476,4689586.13415896,5,00 Hours 03 Minutes 21.00 Seconds,19,T
1677110602.1104875,0,202,20200,GPS1_Frame,42.339535149999996,-71.08712044166667,0.72,52.027,328067.9748972488,4689585.167200246,5,00 Hours 03 Minutes 22.00 Seconds,19,T
1677110603.113503,0,203,20300,GPS1_Frame,42.33952709666667,-71.08711388,0.69,52.195,328068.49350437376,4689584.259670559,5,00 Hours 03 Minutes 23.00 Seconds,19,T
1677110604.149611,0,204,20400,GPS1_Frame,42.339518504999994,-71.08710676000001,0.72,52.311,328069.05664048495,4689583.291234099,5,00 Hours 03 Minutes 24.00 Seconds,19,T
1677110605.0972114,0,205,20500,GPS1_Frame,42.33950912333333,-71.08709975666667,0.66,52.46,328069.60801244655,4689582.235310098,5,00 Hours 03 Minutes 25.00 Seconds,19,T
1677110606.1105897,0,206,20600,GPS1_Frame,42.339499681666666,-71.08709372666667,0.7,52.449,328070.0790367706,4689581.174691733,5,00 Hours 03 Minutes 26.00 Seconds,19,T
1677110607.101877,0,207,20700,GPS1_Frame,42.339491329999994,-71.08708690666667,0.7,52.503,328070.61811316793,4689580.23351221,5,00 Hours 03 Minutes 27.00 Seconds,19,T
1677110608.1112924,0,208,20800,GPS1_Frame,42.33948313999999,-71.08708015666666,0.7,52.475,328071.1518636662,4689579.310426133,5,00 Hours 03 Minutes 28.00 Seconds,19,T
1677110609.09621,0,209,20900,GPS1_Frame,42.33947533333333,-71.087073015,0.68,52.525,328071.71892504056,4689578.429114394,5,00 Hours 03 Minutes 29.00 Seconds,19,T
1677110610.1080344,0,210,21000,GPS1_Frame,42.33947029833333,-71.08706476166667,0.74,52.478,328072.38512113754,4689577.853327422,5,00 Hours 03 Minutes 30.00 Seconds,19,T
1677110611.101751,0,211,21100,GPS1_Frame,42.339468880000005,-71.08705505333334,0.7,52.444,328073.1810391252,4689577.676201849,5,00 Hours 03 Minutes 31.00 Seconds,19,T
1677110612.1097894,0,212,21200,GPS1_Frame,42.33947062000001,-71.08704255166667,0.7,52.702,328074.2156831316,4689577.844137165,5,00 Hours 03 Minutes 32.00 Seconds,19,T
1677110613.130375,0,213,21300,GPS1_Frame,42.339473319999996,-71.08703030500001,0.68,52.834,328075.23193633073,4689578.119188948,5,00 Hours 03 Minutes 33.00 Seconds,19,T
1677110614.1385193,0,214,21400,GPS1_Frame,42.339477249999995,-71.08701915833333,0.68,52.899,328076.1609224902,4689578.53304721,5,00 Hours 03 Minutes 34.00 Seconds,19,T
1677110615.1068645,0,215,21500,GPS1_Frame,42.33948044666666,-71.08700909833333,0.68,53.049,328076.99838905054,4689578.867671704,5,00 Hours 03 Minutes 35.00 Seconds,19,T
1677110616.139558,0,216,21600,GPS1_Frame,42.339481836666664,-71.08700034,0.68,53.073,328077.72369882383,4689579.004311601,5,00 Hours 03 Minutes 36.00 Seconds,19,T
1677110617.0966253,0,217,21700,GPS1_Frame,42.33948423666667,-71.08699067833332,0.68,53.277,328078.5261788525,4689579.251277905,5,00 Hours 03 Minutes 37.00 Seconds,19,T
1677110618.1086905,0,218,21800,GPS1_Frame,42.33948771,-71.08698157166667,0.68,53.482,328079.2858625541,4689579.618551991,5,00 Hours 03 Minutes 38.00 Seconds,19,T
1677110619.1062028,0,219,21900,GPS1_Frame,42.33949036666666,-71.08697197500001,0.66,53.674,328080.08368718775,4689579.89415078,5,00 Hours 03 Minutes 39.00 Seconds,19,T
1677110620.1085045,0,220,22000,GPS1_Frame,42.33949305166667,-71.08696293,0.68,53.86,328080.83614206256,4689580.174011288,5,00 Hours 03 Minutes 40.00 Seconds,19,T
1677110621.1031444,0,221,22100,GPS1_Frame,42.33949653,-71.08695357500001,0.7,54.092,328081.6162971369,4689580.54133872,5,00 Hours 03 Minutes 41.00 Seconds,19,T
1677110622.111223,0,222,22200,GPS1_Frame,42.33949998,-71.08694615666667,0.7,54.234,328082.2368301629,4689580.909435798,5,00 Hours 03 Minutes 42.00 Seconds,19,T
1677110623.1048827,0,223,22300,GPS1_Frame,42.339503091666664,-71.086942115,0.66,54.353,328082.5782675181,4689581.246790874,5,00 Hours 03 Minutes 43.00 Seconds,19,T
1677110624.107201,0,224,22400,GPS1_Frame,42.33950376333334,-71.08694061166666,0.68,54.646,328082.7039443032,4689581.318334762,5,00 Hours 03 Minutes 44.00 Seconds,19,T
1677110625.1099277,0,225,22500,GPS1_Frame,42.33950244,-71.08694005000001,0.66,54.752,328082.74660847953,4689581.17025301,5,00 Hours 03 Minutes 45.00 Seconds,19,T
1677110626.1150131,0,226,22600,GPS1_Frame,42.33950024833333,-71.08693989499999,0.64,54.738,328082.75340450683,4689580.926571678,5,00 Hours 03 Minutes 46.00 Seconds,19,T
1677110627.105073,0,227,22700,GPS1_Frame,42.33949749833334,-71.08693974500001,0.64,54.658,328082.7582669762,4689580.620901783,5,00 Hours 03 Minutes 47.00 Seconds,19,T
1677110628.1130264,0,228,22800,GPS1_Frame,42.33949461,-71.08693935166666,0.63,54.575,328082.782798514,4689580.299379023,5,00 Hours 03 Minutes 48.00 Seconds,19,T
1677110629.1047697,0,229,22900,GPS1_Frame,42.33949230500001,-71.08693982999999,0.67,54.46,328082.7371109619,4689580.044393425,5,00 Hours 03 Minutes 49.00 Seconds,19,T
1677110630.109257,0,230,23000,GPS1_Frame,42.339489945,-71.086940145,0.67,54.36,328082.7047290971,4689579.782970251,5,00 Hours 03 Minutes 50.00 Seconds,19,T
1677110631.1073027,0,231,23100,GPS1_Frame,42.33948712333334,-71.08694051166667,0.67,54.196,328082.6668326701,4689579.470386965,5,00 Hours 03 Minutes 51.00 Seconds,19,T
1677110632.1010413,0,232,23200,GPS1_Frame,42.33948546166666,-71.08694052000001,0.73,54.075,328082.6616175466,4689579.285888352,5,00 Hours 03 Minutes 52.00 Seconds,19,T
1677110633.1050951,0,233,23300,GPS1_Frame,42.33948385666666,-71.08694059999999,0.67,53.943,328082.65065287973,4689579.107827047,5,00 Hours 03 Minutes 53.00 Seconds,19,T
1677110634.1201146,0,234,23400,GPS1_Frame,42.33948271166667,-71.08694059333334,0.67,53.849,328082.6480815682,4689578.980670015,5,00 Hours 03 Minutes 54.00 Seconds,19,T
1677110635.1077096,0,235,23500,GPS1_Frame,42.33948198666667,-71.086940375,0.64,53.782,328082.66409223987,4689578.899722823,5,00 Hours 03 Minutes 55.00 Seconds,19,T
1677110636.1079888,0,236,23600,GPS1_Frame,42.33948154833333,-71.08694020833333,0.64,53.733,328082.6766278192,4689578.850712253,5,00 Hours 03 Minutes 56.00 Seconds,19,T
1677110637.1049798,0,237,23700,GPS1_Frame,42.339481400000004,-71.08694007000001,0.64,53.705,328082.6876196151,4689578.833961267,5,00 Hours 03 Minutes 57.00 Seconds,19,T
1677110638.1113474,0,238,23800,GPS1_Frame,42.33948134666666,-71.08693977833333,0.64,53.718,328082.71150209545,4689578.827449283,5,00 Hours 03 Minutes 58.00 Seconds,19,T
1677110639.1065838,0,239,23900,GPS1_Frame,42.339481248333335,-71.08693952333333,0.64,53.768,328082.7322412927,4689578.816014529,5,00 Hours 03 Minutes 59.00 Seconds,19,T
1677110640.112983,0,240,24000,GPS1_Frame,42.339481185000004,-71.08693919333334,0.64,53.856,328082.7592544599,4689578.808314616,5,00 Hours 04 Minutes 00.00 Seconds,19,T
1677110641.0988915,0,241,24100,GPS1_Frame,42.33948133166667,-71.08693872833334,0.64,53.957,328082.7979614032,4689578.823660651,5,00 Hours 04 Minutes 01.00 Seconds,19,T
1677110642.10721,0,242,24200,GPS1_Frame,42.33948364333334,-71.08693217666668,0.65,54.798,328083.34399518976,4689579.067106874,4,00 Hours 04 Minutes 02.00 Seconds,19,T
1677110643.1006873,0,243,24300,GPS1_Frame,42.33948339166667,-71.08693210833333,0.64,54.879,328083.34893869294,4689579.039023039,5,00 Hours 04 Minutes 03.00 Seconds,19,T
1677110644.1084747,0,244,24400,GPS1_Frame,42.33948337666667,-71.08693214833333,0.64,54.895,328083.3456025674,4689579.037438277,5,00 Hours 04 Minutes 04.00 Seconds,19,T
1677110645.105247,0,245,24500,GPS1_Frame,42.339483423333334,-71.08693215166666,0.64,54.902,328083.3454551467,4689579.042626996,5,00 Hours 04 Minutes 05.00 Seconds,19,T
1677110646.1118793,0,246,24600,GPS1_Frame,42.339483423333334,-71.08693218833334,0.64,54.899,328083.34243450407,4689579.042701132,5,00 Hours 04 Minutes 06.00 Seconds,19,T
1677110647.1063426,0,247,24700,GPS1_Frame,42.339483455,-71.08693218666667,0.64,54.894,328083.34265810775,4689579.046214105,5,00 Hours 04 Minutes 07.00 Seconds,19,T
1677110648.1225193,0,248,24800,GPS1_Frame,42.339483756666674,-71.08693257,0.64,54.888,328083.3119008176,4689579.080486958,5,00 Hours 04 Minutes 08.00 Seconds,19,T
1677110649.111167,0,249,24900,GPS1_Frame,42.33948375166666,-71.08693263,0.67,54.916,328083.30694432365,4689579.0800530575,5,00 Hours 04 Minutes 09.00 Seconds,19,T
1677110650.124743,0,250,25000,GPS1_Frame,42.33948365833333,-71.08693320833332,0.67,54.959,328083.2590462053,4689579.07085843,5,00 Hours 04 Minutes 10.00 Seconds,19,T
1677110651.123472,0,251,25100,GPS1_Frame,42.33948332833334,-71.08693363666666,0.65,54.962,328083.22286026017,4689579.035080483,5,00 Hours 04 Minutes 11.00 Seconds,19,T
