Time,header.seq,header.stamp.secs,header.stamp.nsecs,header.frame_id,Latitude,Longitude,Hdop,Altitude,UTM_easting,UTM_northing,Zone,Letter
1675715184.1818314,799,73586,73586,GPS1_Frame,42.33708933333334,-71.09047016666666,1.01,31.6,327785.3441342525,4689320.356673962,19,T
1675715185.178268,800,73587,73587,GPS1_Frame,42.33708933333334,-71.09046983333333,1.09,31.3,327785.3715956777,4689320.355998859,19,T
1675715186.179935,801,73588,73588,GPS1_Frame,42.337089500000005,-71.09046983333333,1.09,30.9,327785.3720506497,4689320.374505924,19,T
1675715187.1813414,802,73589,73589,GPS1_Frame,42.337089500000005,-71.09047000000001,1.09,30.6,327785.35831993714,4689320.374843475,19,T
1675715188.1797001,803,73590,73590,GPS1_Frame,42.33708983333333,-71.09047033333333,1.09,30.4,327785.3317684562,4689320.412532706,19,T
1675715189.1832402,804,73591,73591,GPS1_Frame,42.33708983333333,-71.09047066666668,1.09,30.1,327785.3043070291,4689320.413207809,19,T
1675715190.1792464,805,73592,73592,GPS1_Frame,42.33709016666667,-71.09047083333333,1.09,30.0,327785.29148626106,4689320.450559491,19,T
1675715191.176708,806,73593,73593,GPS1_Frame,42.33709050000001,-71.090471,1.09,29.8,327785.2786654931,4689320.487911173,19,T
1675715192.1782131,807,73594,73594,GPS1_Frame,42.337090999999994,-71.09047116666667,1.09,29.7,327785.2662996955,4689320.543769916,19,T
1675715193.1797953,808,73595,73595,GPS1_Frame,42.3370915,-71.09047133333334,1.09,29.6,327785.2539339002,4689320.599628664,19,T
1675715194.1808403,809,73596,73596,GPS1_Frame,42.337092,-71.09047149999999,1.09,29.4,327785.2415681052,4689320.655487408,19,T
1675715195.1798263,810,73597,73597,GPS1_Frame,42.337092500000004,-71.09047183333334,1.09,29.3,327785.21547159844,4689320.711683705,19,T
1675715196.1759875,811,73598,73598,GPS1_Frame,42.337093,-71.09047233333334,1.09,29.1,327785.1756443804,4689320.768217555,19,T
1675715197.17984,812,73599,73599,GPS1_Frame,42.33709366666667,-71.09047266666667,1.09,28.9,327785.1500028473,4689320.842920919,19,T
1675715198.1842942,813,73600,73600,GPS1_Frame,42.33709433333333,-71.09047283333332,1.09,28.7,327785.13809202635,4689320.917286728,19,T
1675715199.1780386,814,73601,73601,GPS1_Frame,42.33709483333334,-71.09047316666667,1.09,28.4,327785.1119955195,4689320.973483026,19,T
1675715200.1796727,815,73602,73602,GPS1_Frame,42.33709533333334,-71.09047333333334,1.09,28.2,327785.09962972644,4689321.029341772,19,T
1675715201.1791573,816,73603,73603,GPS1_Frame,42.337096,-71.09047333333334,1.1,28.0,327785.10144961765,4689321.1033700295,19,T
1675715202.1780608,817,73604,73604,GPS1_Frame,42.33709650000001,-71.09047333333334,1.1,27.8,327785.10281453596,4689321.158891223,19,T
1675715203.1762671,818,73605,73605,GPS1_Frame,42.33709716666667,-71.09047333333334,1.1,27.6,327785.10463442723,4689321.2329194825,19,T
1675715204.180954,819,73606,73606,GPS1_Frame,42.33709783333334,-71.090473,1.1,27.4,327785.13391573995,4689321.306272634,19,T
1675715205.1808586,820,73607,73607,GPS1_Frame,42.33709866666666,-71.090473,1.1,27.3,327785.13619060366,4689321.398807956,19,T
1675715206.1794024,821,73608,73608,GPS1_Frame,42.33709916666667,-71.09047283333332,1.1,27.1,327785.1512862345,4689321.453991599,19,T
1675715207.1811943,822,73609,73609,GPS1_Frame,42.33710116666666,-71.090472,1.1,26.7,327785.22539945727,4689321.674388613,19,T
1675715208.1815786,823,73610,73610,GPS1_Frame,42.33710299999999,-71.09047149999999,1.1,26.3,327785.27159628423,4689321.876953666,19,T
1675715209.1810722,824,73611,73611,GPS1_Frame,42.33710466666666,-71.09047116666667,1.1,26.0,327785.3036074274,4689322.0613492085,19,T
1675715210.178879,825,73612,73612,GPS1_Frame,42.33710616666667,-71.09047066666668,1.1,25.7,327785.34889430803,4689322.226900135,19,T
1675715211.1835992,826,73613,73613,GPS1_Frame,42.33710783333333,-71.09047066666668,1.1,25.4,327785.3534440311,4689322.411970779,19,T
1675715212.1811202,827,73614,73614,GPS1_Frame,42.33710899999999,-71.09047050000001,1.1,25.1,327785.3703595457,4689322.541182681,19,T
1675715213.1812105,828,73615,73615,GPS1_Frame,42.33711,-71.09047050000001,1.1,24.8,327785.3730893795,4689322.65222507,19,T
1675715214.1772144,829,73616,73616,GPS1_Frame,42.33711100000001,-71.09047033333333,1.1,24.4,327785.38954992336,4689322.762929905,19,T
1675715215.18063,830,73617,73617,GPS1_Frame,42.33711183333333,-71.09047033333333,1.1,24.0,327785.3918247847,4689322.855465226,19,T
1675715216.1820266,831,73618,73618,GPS1_Frame,42.33711266666666,-71.09047016666666,1.01,23.9,327785.40783035365,4689322.947662997,19,T
1675715217.181353,832,73619,73619,GPS1_Frame,42.33711333333334,-71.09047000000001,1.1,23.7,327785.42338095006,4689323.021353705,19,T
1675715218.1835802,833,73620,73620,GPS1_Frame,42.337114166666666,-71.09046983333333,1.1,23.6,327785.4393865183,4689323.113551475,19,T
1675715219.1829298,834,73621,73621,GPS1_Frame,42.33711466666667,-71.09046966666666,1.01,23.6,327785.4544821421,4689323.1687351195,19,T
1675715220.1840177,835,73622,73622,GPS1_Frame,42.33711533333334,-71.0904695,1.01,23.8,327785.4700327376,4689323.242425826,19,T
1675715221.1834047,836,73623,73623,GPS1_Frame,42.337115833333336,-71.09046983333333,1.01,23.8,327785.4439362404,4689323.298622122,19,T
1675715222.1831906,837,73624,73624,GPS1_Frame,42.33711616666666,-71.09047033333333,1.01,24.0,327785.4036540645,4689323.336648906,19,T
1675715223.1820352,838,73625,73625,GPS1_Frame,42.33711633333334,-71.09047050000001,1.01,24.2,327785.39037832804,4689323.355493524,19,T
1675715224.1845148,839,73626,73626,GPS1_Frame,42.3371165,-71.090471,1.01,24.3,327785.3496411805,4689323.3750132425,19,T
1675715225.1784046,840,73627,73627,GPS1_Frame,42.337116833333326,-71.09047149999999,1.01,24.5,327785.3093590033,4689323.413040026,19,T
1675715226.182066,841,73628,73628,GPS1_Frame,42.337117000000006,-71.090472,1.01,24.6,327785.2686218563,4689323.432559748,19,T
1675715227.179419,842,73629,73629,GPS1_Frame,42.337117166666665,-71.09047266666667,1.31,24.6,327785.21415400284,4689323.452417021,19,T
1675715228.1830096,843,73630,73630,GPS1_Frame,42.33711733333333,-71.09047333333334,1.31,24.7,327785.1596861476,4689323.472274293,19,T
1675715229.1807609,844,73631,73631,GPS1_Frame,42.33711733333333,-71.09047416666667,1.31,24.7,327785.091032613,4689323.4739620555,19,T
1675715230.1821384,845,73632,73632,GPS1_Frame,42.33711733333333,-71.090475,1.31,24.7,327785.02237908053,4689323.475649817,19,T
1675715231.1834302,846,73633,73633,GPS1_Frame,42.337117500000005,-71.0904755,1.31,24.8,327784.9816419324,4689323.49516954,19,T
1675715232.1855226,847,73634,73634,GPS1_Frame,42.33711766666667,-71.09047616666666,1.31,24.9,327784.92717407807,4689323.515026815,19,T
1675715233.184661,848,73635,73635,GPS1_Frame,42.33711766666667,-71.09047650000001,1.31,24.9,327784.8997126652,4689323.51570192,19,T
1675715234.177996,849,73636,73636,GPS1_Frame,42.33711783333333,-71.09047699999999,1.31,24.9,327784.85897551966,4689323.535221642,19,T
1675715235.1808739,850,73637,73637,GPS1_Frame,42.33711766666667,-71.09047733333334,1.31,25.0,327784.83105913305,4689323.517389684,19,T
1675715236.1760437,851,73638,73638,GPS1_Frame,42.33711783333333,-71.090478,1.1,24.9,327784.7765912792,4689323.53724696,19,T
1675715237.1775718,852,73639,73639,GPS1_Frame,42.33711783333333,-71.09047866666667,1.41,24.8,327784.72166845156,4689323.538597172,19,T
1675715238.1771169,853,73640,73640,GPS1_Frame,42.33711783333333,-71.09047933333333,1.41,24.8,327784.666745626,4689323.539947385,19,T
1675715239.1747925,854,73641,73641,GPS1_Frame,42.337118,-71.09047966666667,1.41,24.7,327784.63973918755,4689323.559129555,19,T
1675715240.1749504,855,73642,73642,GPS1_Frame,42.33711816666667,-71.09048016666667,1.41,24.8,327784.59900204086,4689323.578649281,19,T
1675715241.176414,856,73643,73643,GPS1_Frame,42.33711816666667,-71.09048066666666,1.41,24.8,327784.5578099219,4689323.579661941,19,T
1675715242.1726491,857,73644,73644,GPS1_Frame,42.33711816666667,-71.090481,1.41,24.9,327784.53034850716,4689323.5803370485,19,T
1675715243.1691475,858,73645,73645,GPS1_Frame,42.33711783333333,-71.09048133333334,1.41,24.9,327784.50197714503,4689323.543998025,19,T
1675715244.181345,859,73646,73646,GPS1_Frame,42.337117500000005,-71.09048133333334,1.41,25.0,327784.50106719555,4689323.506983896,19,T
1675715245.181865,860,73647,73647,GPS1_Frame,42.337117166666665,-71.09048166666666,1.41,25.2,327784.4726958331,4689323.470644874,19,T
1675715246.177442,861,73648,73648,GPS1_Frame,42.337116833333326,-71.09048166666666,1.41,25.4,327784.47178588336,4689323.433630743,19,T
1675715247.1789496,862,73649,73649,GPS1_Frame,42.33711666666667,-71.09048216666666,1.41,25.6,327784.43013878877,4689323.416136341,19,T
1675715248.1807325,863,73650,73650,GPS1_Frame,42.33711633333334,-71.09048250000001,1.41,25.8,327784.4017674234,4689323.37979732,19,T
1675715249.1849062,864,73651,73651,GPS1_Frame,42.337116,-71.09048283333333,1.41,26.0,327784.37339605985,4689323.343458297,19,T
1675715250.1819115,865,73652,73652,GPS1_Frame,42.337115499999996,-71.09048299999999,1.41,26.3,327784.3583004278,4689323.288274655,19,T
1675715251.1795528,866,73653,73653,GPS1_Frame,42.337115,-71.09048333333334,1.41,26.5,327784.3294740864,4689323.23342857,19,T
1675715252.1809165,867,73654,73654,GPS1_Frame,42.337114500000006,-71.09048349999999,1.41,26.8,327784.3143784539,4689323.178244932,19,T
1675715253.1816936,868,73655,73655,GPS1_Frame,42.33711400000001,-71.09048383333334,1.41,27.0,327784.28555211396,4689323.123398845,19,T
1675715254.1748106,869,73656,73656,GPS1_Frame,42.3371135,-71.090484,1.41,27.2,327784.27045648085,4689323.068215204,19,T
1675715255.1787312,870,73657,73657,GPS1_Frame,42.337112833333336,-71.090484,1.41,27.3,327784.26863657974,4689322.994186947,19,T
1675715256.1810133,871,73658,73658,GPS1_Frame,42.33711233333334,-71.09048416666666,1.41,27.5,327784.2535409464,4689322.939003307,19,T
1675715257.1817913,872,73659,73659,GPS1_Frame,42.33711166666667,-71.09048433333334,1.1,27.6,327784.2379903374,4689322.865312603,19,T
1675715258.1812027,873,73660,73660,GPS1_Frame,42.33711083333333,-71.09048433333334,1.1,27.7,327784.2357154608,4689322.772777278,19,T
1675715259.1795545,874,73661,73661,GPS1_Frame,42.33711,-71.090484,1.01,27.7,327784.2609020004,4689322.679566849,19,T
1675715260.182259,875,73662,73662,GPS1_Frame,42.33710899999999,-71.09048383333334,1.01,27.8,327784.2719028573,4689322.568186907,19,T
1675715261.1828012,876,73663,73663,GPS1_Frame,42.337108333333326,-71.09048316666667,1.01,28.0,327784.3250057904,4689322.492808433,19,T
1675715262.1820836,877,73664,73664,GPS1_Frame,42.33710733333334,-71.09048299999999,1.1,27.8,327784.33600665093,4689322.381428493,19,T
1675715263.1826913,878,73665,73665,GPS1_Frame,42.3371065,-71.09048283333333,1.02,27.7,327784.3474624848,4689322.288555615,19,T
1675715264.1872344,879,73666,73666,GPS1_Frame,42.33710583333333,-71.09048250000001,0.94,27.6,327784.37310400297,4689322.213852248,19,T
1675715265.1804223,880,73667,73667,GPS1_Frame,42.33710533333333,-71.09048216666666,0.94,27.5,327784.39920049865,4689322.157655949,19,T
1675715266.181927,881,73668,73668,GPS1_Frame,42.337105,-71.09048166666666,0.94,27.5,327784.4394826767,4689322.119629159,19,T
1675715267.18326,882,73669,73669,GPS1_Frame,42.33710466666666,-71.09048133333334,1.05,27.4,327784.4660341458,4689322.081939922,19,T
1675715268.1783292,883,73670,73670,GPS1_Frame,42.33710416666666,-71.09048133333334,1.1,27.2,327784.46466922195,4689322.026418728,19,T
1675715269.1779642,884,73671,73671,GPS1_Frame,42.337104,-71.09048133333334,1.1,27.0,327784.46421424736,4689322.007911664,19,T
1675715270.1810377,885,73672,73672,GPS1_Frame,42.33710383333334,-71.0904815,1.1,26.8,327784.45002856327,4689321.989742152,19,T
1675715271.1774852,886,73673,73673,GPS1_Frame,42.33710316666667,-71.09048183333333,1.1,26.5,327784.42074724555,4689321.916389002,19,T
1675715272.1727664,887,73674,73674,GPS1_Frame,42.33710283333333,-71.09048183333333,1.41,26.2,327784.4198372961,4689321.879374873,19,T
1675715273.1767175,888,73675,73675,GPS1_Frame,42.33710250000001,-71.09048200000001,1.41,25.9,327784.40519663494,4689321.842698298,19,T
1675715274.1768715,889,73676,73676,GPS1_Frame,42.33710216666667,-71.09048233333333,1.1,25.7,327784.37682526786,4689321.806359274,19,T
1675715275.1752424,890,73677,73677,GPS1_Frame,42.3371015,-71.09048250000001,1.1,25.3,327784.3612746566,4689321.732668571,19,T
1675715276.1777837,891,73678,73678,GPS1_Frame,42.33710083333334,-71.09048283333333,1.1,25.0,327784.331993337,4689321.65931542,19,T
1675715277.1743882,892,73679,73679,GPS1_Frame,42.3371005,-71.09048316666667,1.42,24.7,327784.30362196476,4689321.622976397,19,T
1675715278.1749916,893,73680,73680,GPS1_Frame,42.33710016666667,-71.09048316666667,1.42,24.4,327784.3027120148,4689321.585962269,19,T
1675715279.1787548,894,73681,73681,GPS1_Frame,42.33709999999999,-71.09048316666667,1.42,24.1,327784.3022570398,4689321.567455204,19,T
1675715280.1772401,895,73682,73682,GPS1_Frame,42.33709966666667,-71.09048316666667,1.42,23.9,327784.3013470899,4689321.5304410765,19,T
1675715281.1737432,896,73683,73683,GPS1_Frame,42.33709933333333,-71.09048299999999,1.42,23.5,327784.31416785246,4689321.493089393,19,T
1675715282.1743987,897,73684,73684,GPS1_Frame,42.33709933333333,-71.09048283333333,1.42,23.2,327784.3278985629,4689321.49275184,19,T
1675715283.1719162,898,73685,73685,GPS1_Frame,42.33709916666667,-71.09048250000001,1.42,22.9,327784.3549050089,4689321.473569668,19,T
1675715284.1735063,899,73686,73686,GPS1_Frame,42.337099,-71.09048233333333,1.42,22.6,327784.3681807467,4689321.454725049,19,T
1675715285.1731758,900,73687,73687,GPS1_Frame,42.337099,-71.09048216666666,1.42,22.3,327784.38191145717,4689321.454387496,19,T
1675715286.1750424,901,73688,73688,GPS1_Frame,42.337099,-71.09048200000001,1.42,22.0,327784.3956421656,4689321.454049943,19,T
1675715287.1738582,902,73689,73689,GPS1_Frame,42.337099,-71.09048166666666,1.42,21.8,327784.42310358875,4689321.453374836,19,T
1675715288.1749117,903,73690,73690,GPS1_Frame,42.337099,-71.09048133333334,1.42,21.5,327784.4505650097,4689321.452699728,19,T
1675715289.1742837,904,73691,73691,GPS1_Frame,42.33709883333333,-71.090481,1.42,21.2,327784.4775714562,4689321.433517556,19,T
1675715290.1763005,905,73692,73692,GPS1_Frame,42.337099,-71.0904805,1.42,20.9,327784.51921856427,4689321.451011961,19,T
1675715291.179911,906,73693,73693,GPS1_Frame,42.33709916666667,-71.09047983333333,1.42,20.8,327784.5745963827,4689321.468168812,19,T
1675715292.1790035,907,73694,73694,GPS1_Frame,42.33709950000001,-71.09047916666667,1.42,20.6,327784.63042917266,4689321.503832729,19,T
1675715293.1799738,908,73695,73695,GPS1_Frame,42.33709983333333,-71.0904785,1.11,20.5,327784.6862619621,4689321.539496645,19,T
1675715294.1731412,909,73696,73696,GPS1_Frame,42.33710016666667,-71.09047766666666,1.11,20.5,327784.7558254654,4689321.574823009,19,T
1675715295.175869,910,73697,73697,GPS1_Frame,42.33710066666666,-71.09047699999999,1.11,20.4,327784.8121132273,4689321.628993992,19,T
1675715296.1806493,911,73698,73698,GPS1_Frame,42.337101,-71.09047633333333,1.11,20.4,327784.86794601486,4689321.664657909,19,T
1675715297.1791122,912,73699,73699,GPS1_Frame,42.33710133333334,-71.09047583333333,1.11,20.4,327784.9100480939,4689321.70065938,19,T
1675715298.1759696,913,73700,73700,GPS1_Frame,42.33710133333334,-71.0904755,1.42,20.3,327784.9375095138,4689321.699984276,19,T
1675715299.175246,914,73701,73701,GPS1_Frame,42.3371015,-71.09047516666666,1.42,20.2,327784.96542590915,4689321.717816235,19,T
1675715300.1770306,915,73702,73702,GPS1_Frame,42.3371015,-71.09047483333333,1.42,20.1,327784.9928873291,4689321.71714113,19,T
1675715301.1774144,916,73703,73703,GPS1_Frame,42.33710166666666,-71.0904745,1.11,20.2,327785.0208037221,4689321.73497309,19,T
1675715302.1779559,917,73704,73704,GPS1_Frame,42.33710166666666,-71.09047416666667,1.42,20.1,327785.0482651419,4689321.734297984,19,T
1675715303.181971,918,73705,73705,GPS1_Frame,42.33710166666666,-71.09047366666667,1.11,20.2,327785.0894572716,4689321.733285327,19,T
1675715304.1776166,919,73706,73706,GPS1_Frame,42.3371015,-71.0904735,1.11,20.3,327785.1027330086,4689321.714440712,19,T
1675715305.176103,920,73707,73707,GPS1_Frame,42.33710116666666,-71.09047333333334,1.11,20.4,327785.115553775,4689321.677089029,19,T
1675715306.1739566,921,73708,73708,GPS1_Frame,42.33710066666666,-71.09047333333334,1.42,20.4,327785.11418885645,4689321.621567837,19,T
1675715307.1745017,922,73709,73709,GPS1_Frame,42.33709999999999,-71.09047333333334,1.42,20.5,327785.1123689652,4689321.547539578,19,T
1675715308.1757598,923,73710,73710,GPS1_Frame,42.33709933333333,-71.09047333333334,1.42,20.6,327785.1105490738,4689321.473511321,19,T
1675715309.1754286,924,73711,73711,GPS1_Frame,42.33709883333333,-71.09047333333334,1.42,20.7,327785.10918415536,4689321.417990126,19,T
1675715310.1777327,925,73712,73712,GPS1_Frame,42.33709833333334,-71.0904735,1.42,20.9,327785.0940885242,4689321.362806486,19,T
1675715311.1774971,926,73713,73713,GPS1_Frame,42.337098166666664,-71.09047366666667,1.32,21.3,327785.07990284066,4689321.344636972,19,T
1675715312.1723897,927,73714,73714,GPS1_Frame,42.33709783333334,-71.09047416666667,1.42,21.5,327785.03780076257,4689321.3086355,19,T
1675715313.1759686,928,73715,73715,GPS1_Frame,42.3370975,-71.0904745,1.42,21.8,327785.00942939497,4689321.272296475,19,T
1675715314.1753676,929,73716,73716,GPS1_Frame,42.33709716666667,-71.09047466666667,1.42,22.1,327784.99478873797,4689321.235619901,19,T
1675715315.176118,930,73717,73717,GPS1_Frame,42.33709666666667,-71.090475,1.42,22.3,327784.9659623967,4689321.1807738105,19,T
1675715316.176553,931,73718,73718,GPS1_Frame,42.33709633333333,-71.09047516666666,1.42,22.5,327784.95132173924,4689321.144097235,19,T
1675715317.1778376,932,73719,73719,GPS1_Frame,42.33709616666667,-71.09047533333334,1.42,22.7,327784.9371360529,4689321.125927722,19,T
1675715318.1755526,933,73720,73720,GPS1_Frame,42.33709616666667,-71.09047583333333,1.42,23.0,327784.89594391955,4689321.12694038,19,T
1675715319.1825407,934,73721,73721,GPS1_Frame,42.33709650000001,-71.09047600000001,1.42,23.3,327784.8831231531,4689321.164292062,19,T
1675715320.1713006,935,73722,73722,GPS1_Frame,42.33709666666667,-71.09047633333333,1.42,23.6,327784.8561167044,4689321.18347423,19,T
1675715321.1743884,936,73723,73723,GPS1_Frame,42.33709699999999,-71.09047666666667,1.42,24.0,327784.82956522953,4689321.221163465,19,T
1675715322.1754677,937,73724,73724,GPS1_Frame,42.33709733333333,-71.09047699999999,1.42,24.4,327784.8030137549,4689321.258852701,19,T
1675715323.1767893,938,73725,73725,GPS1_Frame,42.33709766666666,-71.09047733333334,1.11,24.7,327784.7764622805,4689321.296541933,19,T
1675715324.1737866,939,73726,73726,GPS1_Frame,42.337098,-71.09047766666666,1.42,25.1,327784.7499108065,4689321.334231169,19,T
1675715325.1778498,940,73727,73727,GPS1_Frame,42.33709866666666,-71.090478,1.11,25.6,327784.72426927823,4689321.408934533,19,T
1675715326.1790023,941,73728,73728,GPS1_Frame,42.33709916666667,-71.0904785,1.11,25.9,327784.68444206635,4689321.465468386,19,T
1675715327.1804266,942,73729,73729,GPS1_Frame,42.33709950000001,-71.09047883333332,1.11,26.3,327784.65789059346,4689321.503157623,19,T
1675715328.1797414,943,73730,73730,GPS1_Frame,42.33709999999999,-71.09047933333333,1.11,26.6,327784.61806338467,4689321.559691475,19,T
1675715329.175182,944,73731,73731,GPS1_Frame,42.3371005,-71.09047983333333,1.42,27.0,327784.5782361766,4689321.616225327,19,T
1675715330.1766102,945,73732,73732,GPS1_Frame,42.33710116666666,-71.0904805,1.42,27.3,327784.5251332314,4689321.691603798,19,T
1675715331.1745462,946,73733,73733,GPS1_Frame,42.3371015,-71.090481,1.42,27.6,327784.4848510482,4689321.729630589,19,T
1675715332.1766617,947,73734,73734,GPS1_Frame,42.337102,-71.0904815,1.42,27.9,327784.4450238423,4689321.786164444,19,T
1675715333.1798408,948,73735,73735,GPS1_Frame,42.33710250000001,-71.09048166666666,1.32,28.3,327784.4326580565,4689321.842023191,19,T
1675715334.173463,949,73736,73736,GPS1_Frame,42.33710299999999,-71.09048166666666,1.32,28.7,327784.43402298045,4689321.897544383,19,T
1675715335.1778555,950,73737,73737,GPS1_Frame,42.33710366666666,-71.09048166666666,1.32,29.2,327784.4358428791,4689321.97157264,19,T
1675715336.1769948,951,73738,73738,GPS1_Frame,42.337104333333336,-71.09048166666666,1.32,29.5,327784.43766277796,4689322.045600902,19,T
1675715337.1747878,952,73739,73739,GPS1_Frame,42.33710483333333,-71.0904815,1.32,29.9,327784.4527584112,4689322.100784539,19,T
1675715338.1812801,953,73740,73740,GPS1_Frame,42.33710533333333,-71.09048133333334,1.32,30.3,327784.4678540443,4689322.155968181,19,T
1675715339.1820865,954,73741,73741,GPS1_Frame,42.33710583333333,-71.090481,1.32,30.6,327784.4966803862,4689322.210814266,19,T
1675715340.1818886,955,73742,73742,GPS1_Frame,42.33710599999999,-71.09048083333333,1.32,30.8,327784.5108660697,4689322.2289837785,19,T
1675715341.1741889,956,73743,73743,GPS1_Frame,42.33710633333333,-71.090481,1.42,30.8,327784.49804530985,4689322.266335461,19,T
1675715342.1785302,957,73744,73744,GPS1_Frame,42.33710633333333,-71.090481,1.32,30.6,327784.49804530985,4689322.266335461,19,T
1675715343.1780703,958,73745,73745,GPS1_Frame,42.3371065,-71.090481,1.32,30.4,327784.4985002844,4689322.284842525,19,T
1675715344.1833708,959,73746,73746,GPS1_Frame,42.3371065,-71.090481,1.32,30.2,327784.4985002844,4689322.284842525,19,T
1675715345.1764812,960,73747,73747,GPS1_Frame,42.33710666666666,-71.09048083333333,1.32,30.0,327784.5126859677,4689322.303012037,19,T
1675715346.177299,961,73748,73748,GPS1_Frame,42.33710683333334,-71.09048083333333,1.32,29.7,327784.5131409423,4689322.321519101,19,T
1675715347.1759717,962,73749,73749,GPS1_Frame,42.33710716666666,-71.0904805,1.32,29.5,327784.54151231085,4689322.357858124,19,T
1675715348.1757224,963,73750,73750,GPS1_Frame,42.33710733333334,-71.09048016666667,1.42,29.2,327784.56942870276,4689322.375690083,19,T
1675715349.175947,964,73751,73751,GPS1_Frame,42.3371075,-71.09048016666667,1.42,28.8,327784.56988367706,4689322.394197146,19,T
1675715350.1769662,965,73752,73752,GPS1_Frame,42.33710766666666,-71.09048,1.42,28.5,327784.58406936226,4689322.4123666575,19,T
1675715351.1791134,966,73753,73753,GPS1_Frame,42.33710783333333,-71.09048,1.42,28.3,327784.5845243365,4689322.430873721,19,T
1675715352.1718135,967,73754,73754,GPS1_Frame,42.33710783333333,-71.09047983333333,1.42,28.0,327784.59825504513,4689322.430536168,19,T
1675715353.172029,968,73755,73755,GPS1_Frame,42.33710800000001,-71.09048,1.42,27.9,327784.5849793109,4689322.449380788,19,T
1675715354.1753187,969,73756,73756,GPS1_Frame,42.337108333333326,-71.09048,1.42,28.0,327784.5858892596,4689322.486394916,19,T
1675715355.1752188,970,73757,73757,GPS1_Frame,42.33710850000001,-71.09048,1.42,28.2,327784.58634423395,4689322.504901981,19,T
1675715356.1751595,971,73758,73758,GPS1_Frame,42.33710850000001,-71.09048016666667,1.43,28.3,327784.57261352346,4689322.505239534,19,T
1675715357.1757038,972,73759,73759,GPS1_Frame,42.337108333333326,-71.09048033333333,1.43,28.5,327784.5584278406,4689322.487070022,19,T
1675715358.1752028,973,73760,73760,GPS1_Frame,42.33710816666667,-71.09048016666667,1.48,28.2,327784.5717035747,4689322.468225405,19,T
1675715359.1724534,974,73761,73761,GPS1_Frame,42.33710800000001,-71.09048,1.48,28.0,327784.5849793109,4689322.449380788,19,T
1675715360.1803186,975,73762,73762,GPS1_Frame,42.33710783333333,-71.09048,1.48,27.8,327784.5845243365,4689322.430873721,19,T
1675715361.1752894,976,73763,73763,GPS1_Frame,42.33710766666666,-71.09047966666667,1.48,27.6,327784.6115307794,4689322.41169155,19,T
1675715362.1780808,977,73764,73764,GPS1_Frame,42.33710800000001,-71.090479,1.25,27.8,327784.66736356216,4689322.447355469,19,T
1675715363.174948,978,73765,73765,GPS1_Frame,42.33710850000001,-71.09047833333334,1.25,28.0,327784.7236513182,4689322.50152645,19,T
1675715364.175531,979,73766,73766,GPS1_Frame,42.33710883333333,-71.09047766666666,1.25,28.2,327784.77948410384,4689322.537190367,19,T
1675715365.1760826,980,73767,73767,GPS1_Frame,42.33710916666667,-71.09047683333333,1.25,28.4,327784.84904759296,4689322.572516732,19,T
1675715366.1760075,981,73768,73768,GPS1_Frame,42.337109666666656,-71.09047583333333,1.25,28.7,327784.9327967651,4689322.6260126075,19,T
1675715367.175045,982,73769,73769,GPS1_Frame,42.33711033333334,-71.090475,1.25,29.2,327785.00327020127,4689322.698353105,19,T
1675715368.1758447,983,73770,73770,GPS1_Frame,42.33711100000001,-71.09047416666667,1.25,29.5,327785.0737436338,4689322.770693602,19,T
1675715369.1833148,984,73771,73771,GPS1_Frame,42.33711166666667,-71.09047333333334,1.25,29.9,327785.14421706693,4689322.8430341,19,T
1675715370.174059,985,73772,73772,GPS1_Frame,42.337112,-71.09047266666667,1.25,30.1,327785.2000498456,4689322.878698017,19,T
1675715371.1753528,986,73773,73773,GPS1_Frame,42.33711233333334,-71.090472,1.25,30.4,327785.2558826215,4689322.914361939,19,T
1675715372.1777506,987,73774,73774,GPS1_Frame,42.33711266666666,-71.09047166666666,1.25,30.7,327785.28425398184,4689322.950700964,19,T
1675715373.174698,988,73775,73775,GPS1_Frame,42.337112833333336,-71.09047133333334,1.25,30.9,327785.3121703693,4689322.968532926,19,T
1675715374.1741395,989,73776,73776,GPS1_Frame,42.33711333333334,-71.090471,1.25,31.3,327785.3409967038,4689323.023379016,19,T
1675715375.1750538,990,73777,73777,GPS1_Frame,42.33711366666667,-71.09047083333333,1.25,31.6,327785.35563735594,4689323.060055593,19,T
1675715376.1753383,991,73778,73778,GPS1_Frame,42.337114166666666,-71.09047033333333,1.25,31.9,327785.39819439675,4689323.11456413,19,T
1675715377.1757984,992,73779,73779,GPS1_Frame,42.337114500000006,-71.09047000000001,1.25,32.1,327785.4265657556,4689323.150903158,19,T
1675715378.1745956,993,73780,73780,GPS1_Frame,42.337115,-71.09046966666666,1.25,32.3,327785.45539208635,4689323.205749247,19,T
1675715379.1741018,994,73781,73781,GPS1_Frame,42.337115499999996,-71.09046933333335,1.25,32.4,327785.4842184166,4689323.260595337,19,T
1675715380.1782086,995,73782,73782,GPS1_Frame,42.337116,-71.090469,1.25,32.5,327785.5130447465,4689323.315441428,19,T
1675715381.173982,996,73783,73783,GPS1_Frame,42.33711633333334,-71.09046866666667,1.25,32.5,327785.5414161061,4689323.351780456,19,T
1675715382.1751041,997,73784,73784,GPS1_Frame,42.33711666666667,-71.09046833333333,1.25,32.5,327785.5697874633,4689323.3881194815,19,T
1675715383.1780121,998,73785,73785,GPS1_Frame,42.337117000000006,-71.090468,1.18,32.5,327785.59815882234,4689323.424458508,19,T
1675715384.175976,999,73786,73786,GPS1_Frame,42.337117166666665,-71.09046766666667,1.25,32.4,327785.6260752072,4689323.44229047,19,T
1675715385.172812,1000,73787,73787,GPS1_Frame,42.33711733333333,-71.09046733333334,1.25,32.3,327785.65399159194,4689323.460122431,19,T
1675715386.1740484,1001,73788,73788,GPS1_Frame,42.33711733333333,-71.09046716666667,1.25,32.1,327785.6677222984,4689323.459784879,19,T
1675715387.1810508,1002,73789,73789,GPS1_Frame,42.33711733333333,-71.090467,1.25,31.9,327785.6814530049,4689323.459447329,19,T
1675715388.1772099,1003,73790,73790,GPS1_Frame,42.337117166666665,-71.090467,1.25,31.7,327785.6809980333,4689323.440940265,19,T
1675715389.1770198,1004,73791,73791,GPS1_Frame,42.337117000000006,-71.090467,1.25,31.5,327785.6805430617,4689323.4224332,19,T
1675715390.1779945,1005,73792,73792,GPS1_Frame,42.337116833333326,-71.09046716666667,1.25,31.3,327785.6663573834,4689323.404263685,19,T
1675715391.1764746,1006,73793,73793,GPS1_Frame,42.3371165,-71.09046716666667,1.25,31.1,327785.66544744023,4689323.367249557,19,T
1675715392.1740377,1007,73794,73794,GPS1_Frame,42.33711616666666,-71.09046716666667,1.25,30.8,327785.6645374969,4689323.330235428,19,T
1675715393.17369,1008,73795,73795,GPS1_Frame,42.337116,-71.09046716666667,1.25,30.6,327785.6640825253,4689323.311728363,19,T
1675715394.1727364,1009,73796,73796,GPS1_Frame,42.337115833333336,-71.09046716666667,1.25,30.4,327785.66362755373,4689323.293221299,19,T
1675715395.1755366,1010,73797,73797,GPS1_Frame,42.33711533333334,-71.09046733333334,1.25,30.1,327785.6485319319,4689323.238037657,19,T
1675715396.1738057,1011,73798,73798,GPS1_Frame,42.337115,-71.09046733333334,1.25,29.9,327785.64762198855,4689323.201023527,19,T
1675715397.1727495,1012,73799,73799,GPS1_Frame,42.33711466666667,-71.09046716666667,1.25,29.8,327785.6604427524,4689323.163671848,19,T
1675715398.1733217,1013,73800,73800,GPS1_Frame,42.337114500000006,-71.09046716666667,1.25,29.7,327785.65998778073,4689323.145164783,19,T
1675715399.1771061,1014,73801,73801,GPS1_Frame,42.33711433333333,-71.090467,1.25,29.5,327785.6732635163,4689323.126320167,19,T
1675715400.1730485,1015,73802,73802,GPS1_Frame,42.33711400000001,-71.09046683333332,1.25,29.4,327785.68608428247,4689323.0889684865,19,T
1675715401.1725674,1016,73803,73803,GPS1_Frame,42.337113833333326,-71.090467,1.25,29.2,327785.6718986015,4689323.070798972,19,T
1675715402.1726406,1017,73804,73804,GPS1_Frame,42.3371135,-71.09046683333332,1.25,29.0,327785.6847193678,4689323.033447293,19,T
1675715403.1693854,1018,73805,73805,GPS1_Frame,42.337112833333336,-71.090467,1.25,28.7,327785.66916877206,4689322.959756586,19,T
1675715404.1766248,1019,73806,73806,GPS1_Frame,42.33711233333334,-71.09046716666667,1.25,28.5,327785.6540731499,4689322.904572943,19,T
1675715405.1741192,1020,73807,73807,GPS1_Frame,42.337112,-71.09046733333334,1.12,28.3,327785.639432499,4689322.867896364,19,T
1675715406.175228,1021,73808,73808,GPS1_Frame,42.33711166666667,-71.09046766666667,1.12,28.0,327785.6110611403,4689322.83155734,19,T
1675715407.177992,1022,73809,73809,GPS1_Frame,42.337111500000006,-71.09046833333333,1.12,28.0,327785.5556833355,4689322.814400479,19,T
1675715408.1768475,1023,73810,73810,GPS1_Frame,42.337111500000006,-71.090469,1.12,28.3,327785.5007605023,4689322.8157506855,19,T
1675715409.177143,1024,73811,73811,GPS1_Frame,42.337111166666666,-71.09046983333333,1.12,28.3,327785.43119701906,4689322.780424313,19,T
1675715410.1729157,1025,73812,73812,GPS1_Frame,42.33711100000001,-71.09047033333333,1.12,28.4,327785.38954992336,4689322.762929905,19,T
1675715411.1793597,1026,73813,73813,GPS1_Frame,42.3371105,-71.09047050000001,1.12,28.2,327785.3744542964,4689322.707746262,19,T
1675715412.1778777,1027,73814,73814,GPS1_Frame,42.33711,-71.09047050000001,1.12,28.0,327785.3730893795,4689322.65222507,19,T
1675715413.1778681,1028,73815,73815,GPS1_Frame,42.337109666666656,-71.09047033333333,1.12,27.8,327785.3859101451,4689322.614873386,19,T
1675715414.1823652,1029,73816,73816,GPS1_Frame,42.33710916666667,-71.09047016666666,1.03,27.6,327785.3982759366,4689322.559014643,19,T
1675715415.1757233,1030,73817,73817,GPS1_Frame,42.33710883333333,-71.09046966666666,1.25,27.3,327785.43855811725,4689322.520987858,19,T
1675715416.1752925,1031,73818,73818,GPS1_Frame,42.337108333333326,-71.09046916666667,1.18,27.0,327785.47838532634,4689322.46445401,19,T
1675715417.1779392,1032,73819,73819,GPS1_Frame,42.33710816666667,-71.09046866666667,1.19,26.7,327785.51912248187,4689322.444934291,19,T
1675715418.1748266,1033,73820,73820,GPS1_Frame,42.33710783333333,-71.09046816666667,1.19,26.4,327785.55940466374,4689322.406907506,19,T
1675715419.1736617,1034,73821,73821,GPS1_Frame,42.3371075,-71.09046783333334,1.19,26.0,327785.5859561396,4689322.369218275,19,T
1675715420.1791456,1035,73822,73822,GPS1_Frame,42.33710733333334,-71.0904675,1.03,26.0,327785.6129625853,4689322.350036109,19,T
1675715421.1758416,1036,73823,73823,GPS1_Frame,42.33710733333334,-71.090467,1.19,25.8,327785.6541547113,4689322.349023457,19,T
1675715422.178143,1037,73824,73824,GPS1_Frame,42.337106999999996,-71.0904665,1.19,25.5,327785.69443689444,4689322.310996671,19,T
1675715423.1781476,1038,73825,73825,GPS1_Frame,42.33710683333334,-71.09046583333334,1.19,25.5,327785.74890476034,4689322.291139404,19,T
1675715424.1799066,1039,73826,73826,GPS1_Frame,42.33710683333334,-71.09046533333334,1.19,25.3,327785.7900968887,4689322.290126751,19,T
1675715425.1794126,1040,73827,73827,GPS1_Frame,42.33710683333334,-71.09046466666668,1.19,25.2,327785.84501972387,4689322.288776548,19,T
1675715426.177717,1041,73828,73828,GPS1_Frame,42.33710666666666,-71.09046416666666,1.19,25.2,327785.8857568813,4689322.26925683,19,T
1675715427.176796,1042,73829,73829,GPS1_Frame,42.33710666666666,-71.0904635,1.25,25.0,327785.94067971664,4689322.267906628,19,T
1675715428.1786265,1043,73830,73830,GPS1_Frame,42.33710666666666,-71.09046266666665,1.25,24.8,327786.0093332628,4689322.266218875,19,T
1675715429.183621,1044,73831,73831,GPS1_Frame,42.33710666666666,-71.09046183333334,1.25,24.5,327786.07798680686,4689322.2645311225,19,T
1675715430.1786654,1045,73832,73832,GPS1_Frame,42.33710683333334,-71.09046116666667,1.25,24.3,327786.13336461445,4689322.281687986,19,T
1675715431.1766417,1046,73833,73833,GPS1_Frame,42.33710716666666,-71.09046016666666,1.25,24.1,327786.2166588092,4689322.316676814,19,T
1675715432.1747818,1047,73834,73834,GPS1_Frame,42.33710766666666,-71.09045933333333,1.12,24.1,327786.2866772644,4689322.370510257,19,T
1675715433.1781476,1048,73835,73835,GPS1_Frame,42.33710766666666,-71.09045933333333,1.12,24.2,327786.2866772644,4689322.370510257,19,T
1675715434.1780314,1049,73836,73836,GPS1_Frame,42.33710783333333,-71.09045916666668,1.12,24.3,327786.30086294067,4689322.388679771,19,T
1675715435.176434,1050,73837,73837,GPS1_Frame,42.33710816666667,-71.09045916666668,1.12,24.4,327786.30177288037,4689322.425693901,19,T
1675715436.1785262,1051,73838,73838,GPS1_Frame,42.33710850000001,-71.09045916666668,1.12,24.6,327786.30268282,4689322.462708032,19,T
1675715437.1768842,1052,73839,73839,GPS1_Frame,42.33710883333333,-71.09045933333333,1.12,25.1,327786.28986205335,4689322.50005971,19,T
1675715438.1738548,1053,73840,73840,GPS1_Frame,42.33710916666667,-71.09045966666666,1.12,25.5,327786.26331057446,4689322.537748939,19,T
1675715439.1751678,1054,73841,73841,GPS1_Frame,42.3371095,-71.09046,1.12,25.9,327786.2367590979,4689322.575438167,19,T
1675715440.1792107,1055,73842,73842,GPS1_Frame,42.337109833333336,-71.0904605,1.12,26.4,327786.19647691364,4689322.613464947,19,T
1675715441.177034,1056,73843,73843,GPS1_Frame,42.33711016666666,-71.090461,1.12,26.8,327786.15619472764,4689322.651491726,19,T
1675715442.1819513,1057,73844,73844,GPS1_Frame,42.3371105,-71.09046133333332,1.12,27.1,327786.1296432542,4689322.689180956,19,T
1675715443.174137,1058,73845,73845,GPS1_Frame,42.33711066666667,-71.09046166666667,1.12,27.4,327786.10263680445,4689322.708363122,19,T
1675715444.1772816,1059,73846,73846,GPS1_Frame,42.33711100000001,-71.09046216666667,1.12,27.7,327786.06235462165,4689322.746389903,19,T
1675715445.1765163,1060,73847,73847,GPS1_Frame,42.33711100000001,-71.09046233333333,1.25,27.6,327786.0486239138,4689322.746727454,19,T
1675715446.1765044,1061,73848,73848,GPS1_Frame,42.33711100000001,-71.09046233333333,1.25,27.6,327786.0486239138,4689322.746727454,19,T
1675715447.1804028,1062,73849,73849,GPS1_Frame,42.33711100000001,-71.0904625,1.25,27.5,327786.034893206,4689322.747065004,19,T
1675715448.1741517,1063,73850,73850,GPS1_Frame,42.337111166666666,-71.09046266666665,1.25,27.5,327786.0216174686,4689322.765909618,19,T
1675715449.1738935,1064,73851,73851,GPS1_Frame,42.33711133333333,-71.09046283333333,1.25,27.5,327786.00834173145,4689322.784754233,19,T
1675715450.1713457,1065,73852,73852,GPS1_Frame,42.33711133333333,-71.090463,1.25,27.6,327785.99461102363,4689322.785091784,19,T
1675715451.1766336,1066,73853,73853,GPS1_Frame,42.33711133333333,-71.09046316666667,1.25,27.6,327785.9808803159,4689322.785429334,19,T
1675715452.176363,1067,73854,73854,GPS1_Frame,42.33711133333333,-71.0904635,1.25,27.6,327785.95341889816,4689322.786104435,19,T
1675715453.175865,1068,73855,73855,GPS1_Frame,42.33711133333333,-71.09046383333333,1.25,27.7,327785.92595748254,4689322.786779537,19,T
1675715454.172898,1069,73856,73856,GPS1_Frame,42.337111166666666,-71.09046400000001,1.25,27.7,327785.91177180177,4689322.768610022,19,T
1675715455.1765072,1070,73857,73857,GPS1_Frame,42.33711100000001,-71.09046433333333,1.25,27.8,327785.88385541516,4689322.75077806,19,T
1675715456.1811347,1071,73858,73858,GPS1_Frame,42.33711100000001,-71.09046466666668,1.19,28.1,327785.8563939994,4689322.751453162,19,T
1675715457.1757135,1072,73859,73859,GPS1_Frame,42.33711100000001,-71.09046516666668,1.03,28.5,327785.81520187575,4689322.752465814,19,T
1675715458.18141,1073,73860,73860,GPS1_Frame,42.33711100000001,-71.0904655,1.19,28.8,327785.7877404601,4689322.753140916,19,T
1675715459.1835988,1074,73861,73861,GPS1_Frame,42.33711083333333,-71.09046616666666,1.03,29.3,327785.7323626572,4689322.735984053,19,T
1675715460.176828,1075,73862,73862,GPS1_Frame,42.33711066666667,-71.09046616666666,1.19,29.4,327785.7319076858,4689322.717476991,19,T
1675715461.1763463,1076,73863,73863,GPS1_Frame,42.33711066666667,-71.09046683333332,1.04,29.7,327785.67698485195,4689322.7188271945,19,T
1675715462.1799479,1077,73864,73864,GPS1_Frame,42.3371105,-71.09046733333334,1.04,30.1,327785.6353377544,4689322.701332783,19,T
1675715463.1779134,1078,73865,73865,GPS1_Frame,42.33711016666666,-71.0904675,1.19,30.1,327785.6206971031,4689322.664656205,19,T
1675715464.1797087,1079,73866,73866,GPS1_Frame,42.337109833333336,-71.09046816666667,1.04,30.3,327785.5648643252,4689322.628992282,19,T
1675715465.1813524,1080,73867,73867,GPS1_Frame,42.3371095,-71.09046883333333,1.04,30.6,327785.5090315467,4689322.593328358,19,T
1675715466.175324,1081,73868,73868,GPS1_Frame,42.33710933333334,-71.090469,1.19,30.6,327785.4948458666,4689322.575158846,19,T
1675715467.177123,1082,73869,73869,GPS1_Frame,42.33710899999999,-71.09046933333335,1.04,30.9,327785.46647450596,4689322.538819819,19,T
1675715468.1780682,1083,73870,73870,GPS1_Frame,42.33710866666667,-71.09046983333333,1.04,31.1,327785.4243724367,4689322.502818345,19,T
1675715469.1758654,1084,73871,73871,GPS1_Frame,42.337108333333326,-71.09046983333333,1.19,31.1,327785.4234624925,4689322.465804216,19,T
1675715470.179939,1085,73872,73872,GPS1_Frame,42.33710800000001,-71.09047016666666,1.04,31.3,327785.3950911311,4689322.4294651905,19,T
1675715471.1833074,1086,73873,73873,GPS1_Frame,42.33710766666666,-71.09047066666668,1.04,31.6,327785.3529890588,4689322.393463716,19,T
1675715472.1778705,1087,73874,73874,GPS1_Frame,42.33710733333334,-71.09047083333333,1.19,31.6,327785.33834840555,4689322.3567871405,19,T
1675715473.1813767,1088,73875,73875,GPS1_Frame,42.337106999999996,-71.09047116666667,1.04,31.9,327785.3099770412,4689322.320448113,19,T
1675715474.1797955,1089,73876,73876,GPS1_Frame,42.33710683333334,-71.09047166666666,1.04,32.4,327785.2683299425,4689322.302953704,19,T
1675715475.1782215,1090,73877,73877,GPS1_Frame,42.33710666666666,-71.09047149999999,1.19,32.4,327785.2816056787,4689322.284109088,19,T
1675715476.1796834,1091,73878,73878,GPS1_Frame,42.33710633333333,-71.09047183333334,1.04,32.6,327785.253234316,4689322.247770063,19,T
1675715477.1808174,1092,73879,73879,GPS1_Frame,42.33710616666667,-71.09047216666666,1.04,33.2,327785.22531792556,4689322.229938103,19,T
1675715478.179909,1093,73880,73880,GPS1_Frame,42.33710616666667,-71.09047216666666,1.19,33.4,327785.22531792556,4689322.229938103,19,T
1675715479.1748328,1094,73881,73881,GPS1_Frame,42.33710599999999,-71.09047233333334,1.04,33.8,327785.211132244,4689322.21176859,19,T
1675715480.1820326,1095,73882,73882,GPS1_Frame,42.33710583333333,-71.09047216666666,1.19,33.9,327785.22440798033,4689322.192923972,19,T
1675715481.1802702,1096,73883,73883,GPS1_Frame,42.33710583333333,-71.0904725,1.13,34.1,327785.19694656227,4689322.193599076,19,T
1675715482.1796246,1097,73884,73884,GPS1_Frame,42.33710550000001,-71.09047233333334,1.25,34.0,327785.2097673259,4689322.156247396,19,T
1675715483.1768012,1098,73885,73885,GPS1_Frame,42.33710533333333,-71.09047283333332,1.13,34.1,327785.1681202259,4689322.138752988,19,T
1675715484.1746888,1099,73886,73886,GPS1_Frame,42.33710516666667,-71.09047266666667,1.25,34.0,327785.1813959623,4689322.119908369,19,T
1675715485.1755373,1100,73887,73887,GPS1_Frame,42.337105,-71.0904725,1.25,33.9,327785.19467169885,4689322.101063754,19,T
1675715486.176106,1101,73888,73888,GPS1_Frame,42.33710483333333,-71.090473,1.13,34.0,327785.1530245963,4689322.083569345,19,T
1675715487.1738956,1102,73889,73889,GPS1_Frame,42.33710466666666,-71.09047283333332,1.25,33.9,327785.16630033485,4689322.064724728,19,T
1675715488.1740649,1103,73890,73890,GPS1_Frame,42.3371045,-71.09047266666667,1.25,33.7,327785.1795760714,4689322.045880113,19,T
1675715489.1740317,1104,73891,73891,GPS1_Frame,42.33710416666666,-71.09047266666667,1.25,33.5,327785.178666126,4689322.008865983,19,T
1675715490.1728258,1105,73892,73892,GPS1_Frame,42.337104,-71.0904725,1.25,33.4,327785.19194186263,4689321.990021366,19,T
1675715491.1731024,1106,73893,73893,GPS1_Frame,42.33710366666666,-71.09047233333334,1.25,33.1,327785.20476262673,4689321.952669684,19,T
1675715492.1750042,1107,73894,73894,GPS1_Frame,42.33710333333333,-71.09047233333334,1.25,33.0,327785.20385268144,4689321.915655556,19,T
1675715493.175931,1108,73895,73895,GPS1_Frame,42.33710333333333,-71.09047266666667,1.13,33.2,327785.1763912623,4689321.916330661,19,T
1675715494.1739402,1109,73896,73896,GPS1_Frame,42.33710316666667,-71.0904725,1.25,33.0,327785.1896669992,4689321.897486044,19,T
1675715495.1748362,1110,73897,73897,GPS1_Frame,42.33710316666667,-71.09047233333334,1.25,33.0,327785.2033977088,4689321.897148493,19,T
1675715496.1750124,1111,73898,73898,GPS1_Frame,42.33710299999999,-71.09047216666666,1.25,32.9,327785.2166734458,4689321.878303874,19,T
1675715497.1738431,1112,73899,73899,GPS1_Frame,42.33710299999999,-71.09047216666666,1.25,32.8,327785.2166734458,4689321.878303874,19,T
1675715498.17329,1113,73900,73900,GPS1_Frame,42.33710250000001,-71.090472,1.25,32.5,327785.2290392377,4689321.822445131,19,T
1675715499.1781738,1114,73901,73901,GPS1_Frame,42.337102,-71.09047166666666,1.25,32.3,327785.2551357397,4689321.766248833,19,T
1675715500.1740816,1115,73902,73902,GPS1_Frame,42.3371015,-71.09047149999999,1.25,32.0,327785.2675015322,4689321.710390086,19,T
1675715501.17293,1116,73903,73903,GPS1_Frame,42.337101,-71.09047149999999,1.25,31.9,327785.2661366149,4689321.654868892,19,T
1675715502.173429,1117,73904,73904,GPS1_Frame,42.33710083333334,-71.09047183333334,1.25,31.7,327785.2382202223,4689321.637036934,19,T
1675715503.1729114,1118,73905,73905,GPS1_Frame,42.33710083333334,-71.09047216666666,1.25,31.7,327785.2107588021,4689321.637712037,19,T
1675715504.1734812,1119,73906,73906,GPS1_Frame,42.337101,-71.09047266666667,1.25,31.7,327785.1700216445,4689321.6572317565,19,T
1675715505.176223,1120,73907,73907,GPS1_Frame,42.33710133333334,-71.09047333333334,1.25,31.7,327785.11600874783,4689321.695596095,19,T
1675715506.1755855,1121,73908,73908,GPS1_Frame,42.33710133333334,-71.09047416666667,1.13,31.7,327785.04735519586,4689321.697283857,19,T
1675715507.1768413,1122,73909,73909,GPS1_Frame,42.33710133333334,-71.090475,1.25,31.7,327784.97870164586,4689321.698971618,19,T
1675715508.173624,1123,73910,73910,GPS1_Frame,42.33710133333334,-71.0904755,1.25,31.7,327784.9375095138,4689321.699984276,19,T
1675715509.1777012,1124,73911,73911,GPS1_Frame,42.33710166666666,-71.09047666666667,1.13,32.1,327784.84230448905,4689321.739361272,19,T
1675715510.1780155,1125,73912,73912,GPS1_Frame,42.33710183333333,-71.09047816666666,1.13,32.6,327784.7191830715,4689321.760906313,19,T
1675715511.173944,1126,73913,73913,GPS1_Frame,42.337102,-71.09047916666667,1.25,32.5,327784.6372537843,4689321.781438697,19,T
1675715512.1733675,1127,73914,73914,GPS1_Frame,42.33710216666667,-71.0904805,1.13,32.8,327784.5278630779,4689321.802646187,19,T
1675715513.1744034,1128,73915,73915,GPS1_Frame,42.33710250000001,-71.09048200000001,1.13,33.3,327784.40519663494,4689321.842698298,19,T
1675715514.1737266,1129,73916,73916,GPS1_Frame,42.33710250000001,-71.09048283333333,1.25,33.2,327784.3365430862,4689321.844386065,19,T
1675715515.1754124,1130,73917,73917,GPS1_Frame,42.33710283333333,-71.090484,1.13,33.5,327784.2413380663,4689321.883763071,19,T
1675715516.1765728,1131,73918,73918,GPS1_Frame,42.33710316666667,-71.09048533333333,1.13,33.9,327784.1324023357,4689321.923477633,19,T
1675715517.1739304,1132,73919,73919,GPS1_Frame,42.33710299999999,-71.09048550000001,1.25,33.7,327784.11821665056,4689321.905308122,19,T
1675715518.1755605,1133,73920,73920,GPS1_Frame,42.33710299999999,-71.09048616666668,1.13,33.9,327784.0632938121,4689321.906658338,19,T
1675715519.176946,1134,73921,73921,GPS1_Frame,42.33710333333333,-71.090487,1.13,34.3,327783.99555021554,4689321.94536024,19,T
1675715520.1731758,1135,73922,73922,GPS1_Frame,42.33710333333333,-71.090487,1.25,34.2,327783.99555021554,4689321.94536024,19,T
1675715521.1778696,1136,73923,73923,GPS1_Frame,42.33710366666666,-71.09048750000001,1.13,34.4,327783.9552680346,4689321.983387032,19,T
1675715522.1788301,1137,73924,73924,GPS1_Frame,42.337104,-71.09048800000001,1.13,34.8,327783.91498585825,4689322.021413825,19,T
1675715523.1739087,1138,73925,73925,GPS1_Frame,42.337104333333336,-71.09048800000001,1.25,34.9,327783.9158958104,4689322.058427956,19,T
1675715524.1807547,1139,73926,73926,GPS1_Frame,42.33710483333333,-71.09048766666666,1.25,34.9,327783.9447221592,4689322.113274039,19,T
1675715525.178981,1140,73927,73927,GPS1_Frame,42.33710516666667,-71.09048733333334,1.19,35.2,327783.97309352737,4689322.149613058,19,T
1675715526.1751318,1141,73928,73928,GPS1_Frame,42.337105666666666,-71.09048666666666,1.19,35.4,327784.0293812956,4689322.2037840355,19,T
1675715527.1757083,1142,73929,73929,GPS1_Frame,42.33710616666667,-71.09048583333333,1.25,35.4,327784.0993997677,4689322.257617459,19,T
1675715528.1775086,1143,73930,73930,GPS1_Frame,42.337106999999996,-71.090485,1.19,35.6,327784.1703281916,4689322.348465009,19,T
1675715529.1757658,1144,73931,73931,GPS1_Frame,42.33710800000001,-71.090484,1.25,35.7,327784.2554422976,4689322.457482074,19,T
1675715530.1730459,1145,73932,73932,GPS1_Frame,42.33710883333333,-71.09048283333333,1.25,35.9,327784.35383213434,4689322.54765452,19,T
1675715531.1761312,1146,73933,73933,GPS1_Frame,42.337109666666656,-71.09048200000001,1.25,36.0,327784.42476055014,4689322.638502073,19,T
1675715532.177461,1147,73934,73934,GPS1_Frame,42.3371105,-71.090481,1.25,36.0,327784.5094196742,4689322.729012075,19,T
1675715533.1753113,1148,73935,73935,GPS1_Frame,42.337111166666666,-71.09048016666667,1.25,36.2,327784.5798931139,4689322.801352567,19,T
1675715534.1765878,1149,73936,73936,GPS1_Frame,42.33711166666667,-71.0904795,1.25,36.2,327784.63618087023,4689322.855523549,19,T
1675715535.1776152,1150,73937,73937,GPS1_Frame,42.33711233333334,-71.09047883333332,1.25,36.5,327784.69292359776,4689322.928201594,19,T
1675715536.1750398,1151,73938,73938,GPS1_Frame,42.33711316666666,-71.09047833333334,1.25,36.8,327784.7363905907,4689323.019724255,19,T
1675715537.1735454,1152,73939,73939,GPS1_Frame,42.337113833333326,-71.09047766666666,1.25,37.0,327784.7931333201,4689323.092402303,19,T
1675715538.1741338,1153,73940,73940,GPS1_Frame,42.337114500000006,-71.09047716666667,1.25,37.1,327784.8361453371,4689323.165417904,19,T
1675715539.1773806,1154,73941,73941,GPS1_Frame,42.33711483333333,-71.09047683333333,1.25,37.1,327784.86451669876,4689323.201756926,19,T
1675715540.1731699,1155,73942,73942,GPS1_Frame,42.33711516666667,-71.09047666666667,1.25,37.0,327784.8791573532,4689323.238433505,19,T
1675715541.1720684,1156,73943,73943,GPS1_Frame,42.33711533333334,-71.09047633333333,1.25,37.0,327784.90707374073,4689323.256265463,19,T
1675715542.1746767,1157,73944,73944,GPS1_Frame,42.337115499999996,-71.09047633333333,1.25,36.7,327784.9075287144,4689323.274772526,19,T
1675715543.173011,1158,73945,73945,GPS1_Frame,42.337115499999996,-71.09047616666666,1.25,36.5,327784.9212594213,4689323.274434973,19,T
1675715544.1750393,1159,73946,73946,GPS1_Frame,42.337115499999996,-71.09047616666666,1.25,36.3,327784.9212594213,4689323.274434973,19,T
1675715545.1771827,1160,73947,73947,GPS1_Frame,42.33711533333334,-71.09047633333333,1.25,36.0,327784.90707374073,4689323.256265463,19,T
1675715546.1770616,1161,73948,73948,GPS1_Frame,42.33711533333334,-71.09047666666667,1.25,35.8,327784.8796123269,4689323.256940569,19,T
1675715547.1774416,1162,73949,73949,GPS1_Frame,42.33711533333334,-71.09047666666667,1.25,35.5,327784.8796123269,4689323.256940569,19,T
1675715548.171952,1163,73950,73950,GPS1_Frame,42.337115,-71.09047650000001,1.25,35.0,327784.8924330865,4689323.219588886,19,T
1675715549.1783838,1164,73951,73951,GPS1_Frame,42.337115,-71.09047633333333,1.25,34.6,327784.9061637935,4689323.219251334,19,T
1675715550.1782684,1165,73952,73952,GPS1_Frame,42.337115,-71.09047600000001,1.25,34.3,327784.9336252075,4689323.218576228,19,T
1675715551.1733866,1166,73953,73953,GPS1_Frame,42.337115,-71.0904755,1.25,33.8,327784.9748173307,4689323.2175635705,19,T
1675715552.1768296,1167,73954,73954,GPS1_Frame,42.337115,-71.09047516666666,1.25,33.4,327785.0022787468,4689323.216888465,19,T
1675715553.1760507,1168,73955,73955,GPS1_Frame,42.337115,-71.09047483333333,1.25,33.0,327785.0297401608,4689323.21621336,19,T
1675715554.1734474,1169,73956,73956,GPS1_Frame,42.337115,-71.0904745,1.25,32.6,327785.0572015748,4689323.215538255,19,T
1675715555.1731508,1170,73957,73957,GPS1_Frame,42.33711466666667,-71.09047416666667,1.25,32.1,327785.08375304256,4689323.177849023,19,T
1675715556.176097,1171,73958,73958,GPS1_Frame,42.337114500000006,-71.09047416666667,1.44,31.9,327785.0832980694,4689323.159341957,19,T
1675715557.173619,1172,73959,73959,GPS1_Frame,42.33711433333333,-71.090474,1.25,31.4,327785.0965738034,4689323.140497341,19,T
1675715558.1771882,1173,73960,73960,GPS1_Frame,42.337113833333326,-71.0904735,1.25,30.8,327785.13640100585,4689323.083963489,19,T
1675715559.1695771,1174,73961,73961,GPS1_Frame,42.33711366666667,-71.09047316666667,1.33,30.6,327785.16340744955,4689323.064781321,19,T
1675715560.178778,1175,73962,73962,GPS1_Frame,42.337113833333326,-71.09047266666667,1.33,30.7,327785.20505454636,4689323.082275728,19,T
1675715561.178533,1176,73963,73963,GPS1_Frame,42.337113833333326,-71.090472,1.44,30.3,327785.2599773754,4689323.08092552,19,T
1675715562.1762683,1177,73964,73964,GPS1_Frame,42.337113833333326,-71.09047116666667,1.05,30.1,327785.32863091165,4689323.07923776,19,T
1675715563.1739914,1178,73965,73965,GPS1_Frame,42.337114166666666,-71.09047033333333,1.05,30.2,327785.39819439675,4689323.11456413,19,T
1675715564.1758053,1179,73966,73966,GPS1_Frame,42.337114166666666,-71.09046983333333,1.14,30.1,327785.4393865183,4689323.113551475,19,T
1675715565.178242,1180,73967,73967,GPS1_Frame,42.33711433333333,-71.0904695,1.05,30.2,327785.4673029048,4689323.131383438,19,T
1675715566.1851392,1181,73968,73968,GPS1_Frame,42.337114500000006,-71.090469,1.05,30.6,327785.5089499983,4689323.148877848,19,T
1675715567.1760752,1182,73969,73969,GPS1_Frame,42.337114500000006,-71.0904685,1.14,30.4,327785.5501421218,4689323.147865193,19,T
1675715568.1785705,1183,73970,73970,GPS1_Frame,42.337114500000006,-71.09046816666667,1.14,30.3,327785.57760353596,4689323.14719009,19,T
1675715569.177609,1184,73971,73971,GPS1_Frame,42.33711466666667,-71.090468,1.14,30.4,327785.591789217,4689323.165359605,19,T
1675715570.1745732,1185,73972,73972,GPS1_Frame,42.337115,-71.09046766666667,1.14,30.4,327785.62016057456,4689323.20169863,19,T
1675715571.17371,1186,73973,73973,GPS1_Frame,42.33711516666667,-71.09046766666667,1.14,30.5,327785.62061554636,4689323.220205695,19,T
1675715572.1747687,1187,73974,73974,GPS1_Frame,42.33711566666666,-71.0904675,1.14,30.7,327785.6357111684,4689323.275389336,19,T
1675715573.1735523,1188,73975,73975,GPS1_Frame,42.337116,-71.09046733333334,1.14,30.8,327785.65035181853,4689323.312065914,19,T
1675715574.1741138,1189,73976,73976,GPS1_Frame,42.3371165,-71.090467,1.14,31.0,327785.67917814694,4689323.366912006,19,T
1675715575.172455,1190,73977,73977,GPS1_Frame,42.337117000000006,-71.09046666666667,1.14,31.3,327785.7080044749,4689323.4217580985,19,T
1675715578.0650427,1191,73978,73978,GPS1_Frame,42.337117166666665,-71.09046633333334,1.14,31.4,327785.73592085944,4689323.43959006,19,T
1675715579.0624852,1192,73979,73979,GPS1_Frame,42.337117500000005,-71.09046616666666,1.14,31.6,327785.750561513,4689323.476266638,19,T
1675715580.0637808,1193,73980,73980,GPS1_Frame,42.33711783333333,-71.090466,1.14,31.9,327785.7652021601,4689323.512943217,19,T
1675715581.0696242,1194,73981,73981,GPS1_Frame,42.33711816666667,-71.09046566666666,1.14,32.0,327785.7935735176,4689323.549282244,19,T
1675715582.066217,1195,73982,73982,GPS1_Frame,42.33711866666666,-71.09046533333334,1.14,32.2,327785.822399844,4689323.604128334,19,T
